USE [master]
GO
/****** Object:  Database [Furniture]    Script Date: 12/12/2022 10:42:47 PM ******/
CREATE DATABASE [Furniture]
 CONTAINMENT = NONE
 ON  PRIMARY 
( NAME = N'Furniture', FILENAME = N'C:\Program Files\Microsoft SQL Server\MSSQL15.MSSQLSERVER\MSSQL\DATA\Furniture.mdf' , SIZE = 8192KB , MAXSIZE = UNLIMITED, FILEGROWTH = 65536KB )
 LOG ON 
( NAME = N'Furniture_log', FILENAME = N'C:\Program Files\Microsoft SQL Server\MSSQL15.MSSQLSERVER\MSSQL\DATA\Furniture_log.ldf' , SIZE = 8192KB , MAXSIZE = 2048GB , FILEGROWTH = 65536KB )
 WITH CATALOG_COLLATION = DATABASE_DEFAULT
GO
ALTER DATABASE [Furniture] SET COMPATIBILITY_LEVEL = 150
GO
IF (1 = FULLTEXTSERVICEPROPERTY('IsFullTextInstalled'))
begin
EXEC [Furniture].[dbo].[sp_fulltext_database] @action = 'enable'
end
GO
ALTER DATABASE [Furniture] SET ANSI_NULL_DEFAULT OFF 
GO
ALTER DATABASE [Furniture] SET ANSI_NULLS OFF 
GO
ALTER DATABASE [Furniture] SET ANSI_PADDING OFF 
GO
ALTER DATABASE [Furniture] SET ANSI_WARNINGS OFF 
GO
ALTER DATABASE [Furniture] SET ARITHABORT OFF 
GO
ALTER DATABASE [Furniture] SET AUTO_CLOSE OFF 
GO
ALTER DATABASE [Furniture] SET AUTO_SHRINK OFF 
GO
ALTER DATABASE [Furniture] SET AUTO_UPDATE_STATISTICS ON 
GO
ALTER DATABASE [Furniture] SET CURSOR_CLOSE_ON_COMMIT OFF 
GO
ALTER DATABASE [Furniture] SET CURSOR_DEFAULT  GLOBAL 
GO
ALTER DATABASE [Furniture] SET CONCAT_NULL_YIELDS_NULL OFF 
GO
ALTER DATABASE [Furniture] SET NUMERIC_ROUNDABORT OFF 
GO
ALTER DATABASE [Furniture] SET QUOTED_IDENTIFIER OFF 
GO
ALTER DATABASE [Furniture] SET RECURSIVE_TRIGGERS OFF 
GO
ALTER DATABASE [Furniture] SET  ENABLE_BROKER 
GO
ALTER DATABASE [Furniture] SET AUTO_UPDATE_STATISTICS_ASYNC OFF 
GO
ALTER DATABASE [Furniture] SET DATE_CORRELATION_OPTIMIZATION OFF 
GO
ALTER DATABASE [Furniture] SET TRUSTWORTHY OFF 
GO
ALTER DATABASE [Furniture] SET ALLOW_SNAPSHOT_ISOLATION OFF 
GO
ALTER DATABASE [Furniture] SET PARAMETERIZATION SIMPLE 
GO
ALTER DATABASE [Furniture] SET READ_COMMITTED_SNAPSHOT OFF 
GO
ALTER DATABASE [Furniture] SET HONOR_BROKER_PRIORITY OFF 
GO
ALTER DATABASE [Furniture] SET RECOVERY SIMPLE 
GO
ALTER DATABASE [Furniture] SET  MULTI_USER 
GO
ALTER DATABASE [Furniture] SET PAGE_VERIFY CHECKSUM  
GO
ALTER DATABASE [Furniture] SET DB_CHAINING OFF 
GO
ALTER DATABASE [Furniture] SET FILESTREAM( NON_TRANSACTED_ACCESS = OFF ) 
GO
ALTER DATABASE [Furniture] SET TARGET_RECOVERY_TIME = 60 SECONDS 
GO
ALTER DATABASE [Furniture] SET DELAYED_DURABILITY = DISABLED 
GO
ALTER DATABASE [Furniture] SET ACCELERATED_DATABASE_RECOVERY = OFF  
GO
ALTER DATABASE [Furniture] SET QUERY_STORE = OFF
GO
USE [Furniture]
GO
/****** Object:  Table [dbo].[CTHD]    Script Date: 12/12/2022 10:42:48 PM ******/
SET ANSI_NULLS ON
GO
SET QUOTED_IDENTIFIER ON
GO
CREATE TABLE [dbo].[CTHD](
	[MaHD] [int] NOT NULL,
	[MaSP] [int] NOT NULL,
	[SoLuong] [int] NOT NULL,
	[DonGia] [float] NOT NULL,
 CONSTRAINT [pk_CTHD] PRIMARY KEY CLUSTERED 
(
	[MaHD] ASC,
	[MaSP] ASC
)WITH (PAD_INDEX = OFF, STATISTICS_NORECOMPUTE = OFF, IGNORE_DUP_KEY = OFF, ALLOW_ROW_LOCKS = ON, ALLOW_PAGE_LOCKS = ON, OPTIMIZE_FOR_SEQUENTIAL_KEY = OFF) ON [PRIMARY]
) ON [PRIMARY]
GO
/****** Object:  Table [dbo].[DanhMucSP]    Script Date: 12/12/2022 10:42:48 PM ******/
SET ANSI_NULLS ON
GO
SET QUOTED_IDENTIFIER ON
GO
CREATE TABLE [dbo].[DanhMucSP](
	[MaDM] [nvarchar](255) NOT NULL,
	[TenDM] [nvarchar](255) NOT NULL,
 CONSTRAINT [pk_DanhMucSP] PRIMARY KEY CLUSTERED 
(
	[MaDM] ASC
)WITH (PAD_INDEX = OFF, STATISTICS_NORECOMPUTE = OFF, IGNORE_DUP_KEY = OFF, ALLOW_ROW_LOCKS = ON, ALLOW_PAGE_LOCKS = ON, OPTIMIZE_FOR_SEQUENTIAL_KEY = OFF) ON [PRIMARY]
) ON [PRIMARY]
GO
/****** Object:  Table [dbo].[GioHang]    Script Date: 12/12/2022 10:42:48 PM ******/
SET ANSI_NULLS ON
GO
SET QUOTED_IDENTIFIER ON
GO
CREATE TABLE [dbo].[GioHang](
	[MaKH] [int] NOT NULL,
	[MaSP] [int] NOT NULL,
	[SoLuong] [int] NOT NULL,
 CONSTRAINT [PK_GioHang] PRIMARY KEY CLUSTERED 
(
	[MaKH] ASC,
	[MaSP] ASC
)WITH (PAD_INDEX = OFF, STATISTICS_NORECOMPUTE = OFF, IGNORE_DUP_KEY = OFF, ALLOW_ROW_LOCKS = ON, ALLOW_PAGE_LOCKS = ON, OPTIMIZE_FOR_SEQUENTIAL_KEY = OFF) ON [PRIMARY]
) ON [PRIMARY]
GO
/****** Object:  Table [dbo].[HoaDon]    Script Date: 12/12/2022 10:42:48 PM ******/
SET ANSI_NULLS ON
GO
SET QUOTED_IDENTIFIER ON
GO
CREATE TABLE [dbo].[HoaDon](
	[MaHD] [int] IDENTITY(1,1) NOT NULL,
	[TTDH] [nvarchar](255) NULL,
	[TTTT] [nvarchar](255) NULL,
	[MaKH] [int] NOT NULL,
	[MaNV] [int] NULL,
	[NgayHD] [datetime] NULL,
	[NgayGH] [datetime] NULL,
	[SDT] [nvarchar](10) NULL,
	[DiaChi] [nvarchar](255) NULL,
	[ThanhPho] [nvarchar](255) NULL,
	[MaKM] [int] NULL,
	[TriGia] [float] NOT NULL,
 CONSTRAINT [PK_HoaDon] PRIMARY KEY CLUSTERED 
(
	[MaHD] ASC
)WITH (PAD_INDEX = OFF, STATISTICS_NORECOMPUTE = OFF, IGNORE_DUP_KEY = OFF, ALLOW_ROW_LOCKS = ON, ALLOW_PAGE_LOCKS = ON, OPTIMIZE_FOR_SEQUENTIAL_KEY = OFF) ON [PRIMARY]
) ON [PRIMARY]
GO
/****** Object:  Table [dbo].[KhachHang]    Script Date: 12/12/2022 10:42:48 PM ******/
SET ANSI_NULLS ON
GO
SET QUOTED_IDENTIFIER ON
GO
CREATE TABLE [dbo].[KhachHang](
	[MaKH] [int] IDENTITY(1,1) NOT NULL,
	[HoTen] [nvarchar](255) NOT NULL,
	[Email] [nvarchar](255) NOT NULL,
	[Password] [nvarchar](255) NOT NULL,
	[SDT] [nvarchar](255) NOT NULL,
	[DiaChi] [nvarchar](255) NULL,
	[ThanhPho] [nvarchar](255) NULL,
	[NgayTao] [datetime] NULL,
	[Quyen] [int] NOT NULL,
	[GioiTinh] [nchar](10) NOT NULL,
 CONSTRAINT [PK_KhachHang] PRIMARY KEY CLUSTERED 
(
	[MaKH] ASC
)WITH (PAD_INDEX = OFF, STATISTICS_NORECOMPUTE = OFF, IGNORE_DUP_KEY = OFF, ALLOW_ROW_LOCKS = ON, ALLOW_PAGE_LOCKS = ON, OPTIMIZE_FOR_SEQUENTIAL_KEY = OFF) ON [PRIMARY]
) ON [PRIMARY]
GO
/****** Object:  Table [dbo].[KhuyenMai]    Script Date: 12/12/2022 10:42:48 PM ******/
SET ANSI_NULLS ON
GO
SET QUOTED_IDENTIFIER ON
GO
CREATE TABLE [dbo].[KhuyenMai](
	[MaKM] [int] IDENTITY(1,1) NOT NULL,
	[TenKM] [nvarchar](255) NOT NULL,
	[NgayBD] [datetime] NOT NULL,
	[NgayKT] [datetime] NOT NULL,
	[PhanTramKM] [float] NOT NULL,
	[DinhMuc] [float] NOT NULL,
	[ToiDa] [float] NULL,
 CONSTRAINT [PK_KhuyenMai] PRIMARY KEY CLUSTERED 
(
	[MaKM] ASC
)WITH (PAD_INDEX = OFF, STATISTICS_NORECOMPUTE = OFF, IGNORE_DUP_KEY = OFF, ALLOW_ROW_LOCKS = ON, ALLOW_PAGE_LOCKS = ON, OPTIMIZE_FOR_SEQUENTIAL_KEY = OFF) ON [PRIMARY]
) ON [PRIMARY]
GO
/****** Object:  Table [dbo].[NhanVien]    Script Date: 12/12/2022 10:42:48 PM ******/
SET ANSI_NULLS ON
GO
SET QUOTED_IDENTIFIER ON
GO
CREATE TABLE [dbo].[NhanVien](
	[MaNV] [int] IDENTITY(1,1) NOT NULL,
	[HoTen] [nvarchar](255) NOT NULL,
	[Email] [nvarchar](255) NOT NULL,
	[Password] [nvarchar](255) NOT NULL,
	[SDT] [nvarchar](255) NOT NULL,
	[DiaChi] [nvarchar](255) NULL,
	[ThanhPho] [nvarchar](255) NULL,
	[NgayTao] [datetime] NULL,
	[Quyen] [int] NOT NULL,
	[GioiTinh] [nchar](10) NOT NULL,
 CONSTRAINT [PK_NhanVien] PRIMARY KEY CLUSTERED 
(
	[MaNV] ASC
)WITH (PAD_INDEX = OFF, STATISTICS_NORECOMPUTE = OFF, IGNORE_DUP_KEY = OFF, ALLOW_ROW_LOCKS = ON, ALLOW_PAGE_LOCKS = ON, OPTIMIZE_FOR_SEQUENTIAL_KEY = OFF) ON [PRIMARY]
) ON [PRIMARY]
GO
/****** Object:  Table [dbo].[SanPham]    Script Date: 12/12/2022 10:42:48 PM ******/
SET ANSI_NULLS ON
GO
SET QUOTED_IDENTIFIER ON
GO
CREATE TABLE [dbo].[SanPham](
	[MaSP] [int] IDENTITY(1,1) NOT NULL,
	[TenSP] [nvarchar](255) NOT NULL,
	[NSX] [nvarchar](255) NOT NULL,
	[ThuongHieu] [nvarchar](255) NOT NULL,
	[Gia] [float] NOT NULL,
	[TongSL] [int] NOT NULL,
	[HinhAnh] [nvarchar](255) NOT NULL,
	[MaDM] [nvarchar](255) NOT NULL,
	[ChiTiet] [nvarchar](max) NULL,
 CONSTRAINT [PK_SanPham] PRIMARY KEY CLUSTERED 
(
	[MaSP] ASC
)WITH (PAD_INDEX = OFF, STATISTICS_NORECOMPUTE = OFF, IGNORE_DUP_KEY = OFF, ALLOW_ROW_LOCKS = ON, ALLOW_PAGE_LOCKS = ON, OPTIMIZE_FOR_SEQUENTIAL_KEY = OFF) ON [PRIMARY]
) ON [PRIMARY] TEXTIMAGE_ON [PRIMARY]
GO
/****** Object:  Table [dbo].[Users]    Script Date: 12/12/2022 10:42:48 PM ******/
SET ANSI_NULLS ON
GO
SET QUOTED_IDENTIFIER ON
GO
CREATE TABLE [dbo].[Users](
	[MaUser] [int] IDENTITY(1,1) NOT NULL,
	[HoTen] [nvarchar](255) NOT NULL,
	[Email] [nvarchar](255) NOT NULL,
	[Password] [nvarchar](255) NOT NULL,
	[SDT] [nvarchar](255) NOT NULL,
	[DiaChi] [nvarchar](255) NULL,
	[ThanhPho] [nvarchar](255) NULL,
	[NgayTao] [datetime] NULL,
	[Quyen] [int] NOT NULL,
	[GioiTinh] [nchar](10) NOT NULL,
 CONSTRAINT [PK_Users] PRIMARY KEY CLUSTERED 
(
	[MaUser] ASC
)WITH (PAD_INDEX = OFF, STATISTICS_NORECOMPUTE = OFF, IGNORE_DUP_KEY = OFF, ALLOW_ROW_LOCKS = ON, ALLOW_PAGE_LOCKS = ON, OPTIMIZE_FOR_SEQUENTIAL_KEY = OFF) ON [PRIMARY]
) ON [PRIMARY]
GO
INSERT [dbo].[CTHD] ([MaHD], [MaSP], [SoLuong], [DonGia]) VALUES (1, 1, 1, 20000000)
INSERT [dbo].[CTHD] ([MaHD], [MaSP], [SoLuong], [DonGia]) VALUES (1, 2, 2, 23300000)
INSERT [dbo].[CTHD] ([MaHD], [MaSP], [SoLuong], [DonGia]) VALUES (1, 3, 3, 16950000)
INSERT [dbo].[CTHD] ([MaHD], [MaSP], [SoLuong], [DonGia]) VALUES (2, 4, 1, 8900000)
INSERT [dbo].[CTHD] ([MaHD], [MaSP], [SoLuong], [DonGia]) VALUES (3, 5, 2, 33800000)
INSERT [dbo].[CTHD] ([MaHD], [MaSP], [SoLuong], [DonGia]) VALUES (4, 6, 3, 22470000)
INSERT [dbo].[CTHD] ([MaHD], [MaSP], [SoLuong], [DonGia]) VALUES (5, 7, 4, 17960000)
INSERT [dbo].[CTHD] ([MaHD], [MaSP], [SoLuong], [DonGia]) VALUES (6, 8, 1, 6993000)
INSERT [dbo].[CTHD] ([MaHD], [MaSP], [SoLuong], [DonGia]) VALUES (6, 9, 1, 1090000)
INSERT [dbo].[CTHD] ([MaHD], [MaSP], [SoLuong], [DonGia]) VALUES (6, 10, 2, 7980000)
INSERT [dbo].[CTHD] ([MaHD], [MaSP], [SoLuong], [DonGia]) VALUES (7, 11, 2, 25200000)
INSERT [dbo].[CTHD] ([MaHD], [MaSP], [SoLuong], [DonGia]) VALUES (8, 12, 3, 35700000)
INSERT [dbo].[CTHD] ([MaHD], [MaSP], [SoLuong], [DonGia]) VALUES (9, 13, 3, 3570000)
INSERT [dbo].[CTHD] ([MaHD], [MaSP], [SoLuong], [DonGia]) VALUES (10, 14, 5, 9950000)
INSERT [dbo].[CTHD] ([MaHD], [MaSP], [SoLuong], [DonGia]) VALUES (11, 15, 7, 23030000)
INSERT [dbo].[CTHD] ([MaHD], [MaSP], [SoLuong], [DonGia]) VALUES (11, 16, 8, 43920000)
INSERT [dbo].[CTHD] ([MaHD], [MaSP], [SoLuong], [DonGia]) VALUES (11, 17, 9, 35910000)
INSERT [dbo].[CTHD] ([MaHD], [MaSP], [SoLuong], [DonGia]) VALUES (11, 18, 1, 5592000)
INSERT [dbo].[CTHD] ([MaHD], [MaSP], [SoLuong], [DonGia]) VALUES (11, 19, 2, 4980000)
INSERT [dbo].[CTHD] ([MaHD], [MaSP], [SoLuong], [DonGia]) VALUES (12, 20, 3, 7176000)
INSERT [dbo].[CTHD] ([MaHD], [MaSP], [SoLuong], [DonGia]) VALUES (13, 21, 4, 11160000)
INSERT [dbo].[CTHD] ([MaHD], [MaSP], [SoLuong], [DonGia]) VALUES (14, 22, 6, 4195800)
INSERT [dbo].[CTHD] ([MaHD], [MaSP], [SoLuong], [DonGia]) VALUES (15, 23, 7, 553000)
INSERT [dbo].[CTHD] ([MaHD], [MaSP], [SoLuong], [DonGia]) VALUES (16, 24, 2, 269000)
INSERT [dbo].[CTHD] ([MaHD], [MaSP], [SoLuong], [DonGia]) VALUES (16, 25, 3, 193500)
INSERT [dbo].[CTHD] ([MaHD], [MaSP], [SoLuong], [DonGia]) VALUES (16, 26, 6, 474000)
INSERT [dbo].[CTHD] ([MaHD], [MaSP], [SoLuong], [DonGia]) VALUES (17, 27, 2, 198000)
INSERT [dbo].[CTHD] ([MaHD], [MaSP], [SoLuong], [DonGia]) VALUES (18, 28, 9, 711000)
INSERT [dbo].[CTHD] ([MaHD], [MaSP], [SoLuong], [DonGia]) VALUES (19, 29, 9, 10053000)
INSERT [dbo].[CTHD] ([MaHD], [MaSP], [SoLuong], [DonGia]) VALUES (20, 30, 3, 23700000)
INSERT [dbo].[CTHD] ([MaHD], [MaSP], [SoLuong], [DonGia]) VALUES (21, 31, 2, 1998000)
INSERT [dbo].[CTHD] ([MaHD], [MaSP], [SoLuong], [DonGia]) VALUES (21, 32, 1, 299000)
INSERT [dbo].[CTHD] ([MaHD], [MaSP], [SoLuong], [DonGia]) VALUES (21, 33, 5, 6950000)
INSERT [dbo].[CTHD] ([MaHD], [MaSP], [SoLuong], [DonGia]) VALUES (21, 34, 4, 9160000)
INSERT [dbo].[CTHD] ([MaHD], [MaSP], [SoLuong], [DonGia]) VALUES (21, 35, 2, 3580000)
INSERT [dbo].[CTHD] ([MaHD], [MaSP], [SoLuong], [DonGia]) VALUES (21, 36, 6, 23994000)
INSERT [dbo].[CTHD] ([MaHD], [MaSP], [SoLuong], [DonGia]) VALUES (21, 37, 7, 13930000)
INSERT [dbo].[CTHD] ([MaHD], [MaSP], [SoLuong], [DonGia]) VALUES (22, 38, 3, 6726000)
INSERT [dbo].[CTHD] ([MaHD], [MaSP], [SoLuong], [DonGia]) VALUES (23, 39, 2, 20240000)
INSERT [dbo].[CTHD] ([MaHD], [MaSP], [SoLuong], [DonGia]) VALUES (24, 40, 4, 36120000)
INSERT [dbo].[CTHD] ([MaHD], [MaSP], [SoLuong], [DonGia]) VALUES (25, 41, 3, 30360000)
INSERT [dbo].[CTHD] ([MaHD], [MaSP], [SoLuong], [DonGia]) VALUES (26, 42, 3, 51300000)
INSERT [dbo].[CTHD] ([MaHD], [MaSP], [SoLuong], [DonGia]) VALUES (27, 43, 5, 31150000)
INSERT [dbo].[CTHD] ([MaHD], [MaSP], [SoLuong], [DonGia]) VALUES (28, 44, 4, 23600000)
INSERT [dbo].[CTHD] ([MaHD], [MaSP], [SoLuong], [DonGia]) VALUES (29, 45, 2, 15000000)
INSERT [dbo].[CTHD] ([MaHD], [MaSP], [SoLuong], [DonGia]) VALUES (30, 46, 6, 35400000)
INSERT [dbo].[CTHD] ([MaHD], [MaSP], [SoLuong], [DonGia]) VALUES (31, 47, 7, 12530000)
INSERT [dbo].[CTHD] ([MaHD], [MaSP], [SoLuong], [DonGia]) VALUES (32, 48, 3, 8970000)
INSERT [dbo].[CTHD] ([MaHD], [MaSP], [SoLuong], [DonGia]) VALUES (33, 49, 2, 27960000)
INSERT [dbo].[CTHD] ([MaHD], [MaSP], [SoLuong], [DonGia]) VALUES (34, 50, 5, 9950000)
INSERT [dbo].[CTHD] ([MaHD], [MaSP], [SoLuong], [DonGia]) VALUES (35, 51, 4, 2396000)
INSERT [dbo].[CTHD] ([MaHD], [MaSP], [SoLuong], [DonGia]) VALUES (36, 52, 2, 1098000)
INSERT [dbo].[CTHD] ([MaHD], [MaSP], [SoLuong], [DonGia]) VALUES (36, 53, 6, 1344000)
INSERT [dbo].[CTHD] ([MaHD], [MaSP], [SoLuong], [DonGia]) VALUES (36, 54, 7, 2793000)
INSERT [dbo].[CTHD] ([MaHD], [MaSP], [SoLuong], [DonGia]) VALUES (36, 55, 3, 1995000)
INSERT [dbo].[CTHD] ([MaHD], [MaSP], [SoLuong], [DonGia]) VALUES (37, 56, 2, 580000)
INSERT [dbo].[CTHD] ([MaHD], [MaSP], [SoLuong], [DonGia]) VALUES (38, 57, 5, 6495000)
INSERT [dbo].[CTHD] ([MaHD], [MaSP], [SoLuong], [DonGia]) VALUES (39, 58, 4, 7960000)
INSERT [dbo].[CTHD] ([MaHD], [MaSP], [SoLuong], [DonGia]) VALUES (40, 59, 2, 8980000)
INSERT [dbo].[CTHD] ([MaHD], [MaSP], [SoLuong], [DonGia]) VALUES (40, 60, 6, 5940000)
INSERT [dbo].[CTHD] ([MaHD], [MaSP], [SoLuong], [DonGia]) VALUES (49, 17, 1, 3990000)
INSERT [dbo].[CTHD] ([MaHD], [MaSP], [SoLuong], [DonGia]) VALUES (49, 41, 1, 10120000)
INSERT [dbo].[CTHD] ([MaHD], [MaSP], [SoLuong], [DonGia]) VALUES (50, 1, 1, 20000000)
INSERT [dbo].[CTHD] ([MaHD], [MaSP], [SoLuong], [DonGia]) VALUES (50, 2, 2, 11650000)
INSERT [dbo].[CTHD] ([MaHD], [MaSP], [SoLuong], [DonGia]) VALUES (51, 2, 1, 11650000)
INSERT [dbo].[CTHD] ([MaHD], [MaSP], [SoLuong], [DonGia]) VALUES (52, 41, 1, 10120000)
INSERT [dbo].[CTHD] ([MaHD], [MaSP], [SoLuong], [DonGia]) VALUES (53, 2, 1, 11650000)
INSERT [dbo].[CTHD] ([MaHD], [MaSP], [SoLuong], [DonGia]) VALUES (54, 6, 1, 7490000)
INSERT [dbo].[CTHD] ([MaHD], [MaSP], [SoLuong], [DonGia]) VALUES (55, 4, 1, 8900000)
INSERT [dbo].[CTHD] ([MaHD], [MaSP], [SoLuong], [DonGia]) VALUES (55, 5, 1, 16900000)
INSERT [dbo].[CTHD] ([MaHD], [MaSP], [SoLuong], [DonGia]) VALUES (55, 8, 1, 6993000)
INSERT [dbo].[CTHD] ([MaHD], [MaSP], [SoLuong], [DonGia]) VALUES (56, 3, 3, 5650000)
INSERT [dbo].[CTHD] ([MaHD], [MaSP], [SoLuong], [DonGia]) VALUES (56, 21, 1, 2790000)
GO
INSERT [dbo].[DanhMucSP] ([MaDM], [TenDM]) VALUES (N'NTDTT', N'Đồ trang trí')
INSERT [dbo].[DanhMucSP] ([MaDM], [TenDM]) VALUES (N'NTPA', N'Nội thất phòng ăn')
INSERT [dbo].[DanhMucSP] ([MaDM], [TenDM]) VALUES (N'NTPK', N'Nội thất phòng khách')
INSERT [dbo].[DanhMucSP] ([MaDM], [TenDM]) VALUES (N'NTPN', N'Nội thất phòng ngủ')
INSERT [dbo].[DanhMucSP] ([MaDM], [TenDM]) VALUES (N'NTPT', N'Nội thất phòng tắm')
INSERT [dbo].[DanhMucSP] ([MaDM], [TenDM]) VALUES (N'NTVP', N'Nội thất văn phòng')
GO
INSERT [dbo].[GioHang] ([MaKH], [MaSP], [SoLuong]) VALUES (1, 9, 1)
INSERT [dbo].[GioHang] ([MaKH], [MaSP], [SoLuong]) VALUES (1, 25, 3)
INSERT [dbo].[GioHang] ([MaKH], [MaSP], [SoLuong]) VALUES (1, 29, 5)
INSERT [dbo].[GioHang] ([MaKH], [MaSP], [SoLuong]) VALUES (2, 14, 1)
INSERT [dbo].[GioHang] ([MaKH], [MaSP], [SoLuong]) VALUES (2, 24, 3)
INSERT [dbo].[GioHang] ([MaKH], [MaSP], [SoLuong]) VALUES (3, 20, 1)
INSERT [dbo].[GioHang] ([MaKH], [MaSP], [SoLuong]) VALUES (5, 57, 2)
INSERT [dbo].[GioHang] ([MaKH], [MaSP], [SoLuong]) VALUES (9, 48, 1)
INSERT [dbo].[GioHang] ([MaKH], [MaSP], [SoLuong]) VALUES (10, 16, 4)
INSERT [dbo].[GioHang] ([MaKH], [MaSP], [SoLuong]) VALUES (10, 46, 2)
INSERT [dbo].[GioHang] ([MaKH], [MaSP], [SoLuong]) VALUES (12, 10, 3)
INSERT [dbo].[GioHang] ([MaKH], [MaSP], [SoLuong]) VALUES (12, 12, 1)
INSERT [dbo].[GioHang] ([MaKH], [MaSP], [SoLuong]) VALUES (12, 13, 1)
INSERT [dbo].[GioHang] ([MaKH], [MaSP], [SoLuong]) VALUES (14, 14, 2)
INSERT [dbo].[GioHang] ([MaKH], [MaSP], [SoLuong]) VALUES (14, 17, 5)
INSERT [dbo].[GioHang] ([MaKH], [MaSP], [SoLuong]) VALUES (14, 22, 1)
INSERT [dbo].[GioHang] ([MaKH], [MaSP], [SoLuong]) VALUES (14, 33, 2)
INSERT [dbo].[GioHang] ([MaKH], [MaSP], [SoLuong]) VALUES (15, 5, 3)
INSERT [dbo].[GioHang] ([MaKH], [MaSP], [SoLuong]) VALUES (15, 14, 5)
INSERT [dbo].[GioHang] ([MaKH], [MaSP], [SoLuong]) VALUES (15, 43, 3)
INSERT [dbo].[GioHang] ([MaKH], [MaSP], [SoLuong]) VALUES (16, 30, 2)
INSERT [dbo].[GioHang] ([MaKH], [MaSP], [SoLuong]) VALUES (17, 3, 1)
INSERT [dbo].[GioHang] ([MaKH], [MaSP], [SoLuong]) VALUES (17, 46, 1)
INSERT [dbo].[GioHang] ([MaKH], [MaSP], [SoLuong]) VALUES (18, 15, 5)
INSERT [dbo].[GioHang] ([MaKH], [MaSP], [SoLuong]) VALUES (18, 19, 2)
INSERT [dbo].[GioHang] ([MaKH], [MaSP], [SoLuong]) VALUES (18, 23, 3)
INSERT [dbo].[GioHang] ([MaKH], [MaSP], [SoLuong]) VALUES (19, 48, 1)
INSERT [dbo].[GioHang] ([MaKH], [MaSP], [SoLuong]) VALUES (20, 7, 1)
INSERT [dbo].[GioHang] ([MaKH], [MaSP], [SoLuong]) VALUES (21, 2, 1)
INSERT [dbo].[GioHang] ([MaKH], [MaSP], [SoLuong]) VALUES (22, 32, 1)
INSERT [dbo].[GioHang] ([MaKH], [MaSP], [SoLuong]) VALUES (22, 54, 3)
INSERT [dbo].[GioHang] ([MaKH], [MaSP], [SoLuong]) VALUES (23, 1, 4)
INSERT [dbo].[GioHang] ([MaKH], [MaSP], [SoLuong]) VALUES (23, 2, 4)
INSERT [dbo].[GioHang] ([MaKH], [MaSP], [SoLuong]) VALUES (23, 4, 3)
INSERT [dbo].[GioHang] ([MaKH], [MaSP], [SoLuong]) VALUES (23, 5, 4)
INSERT [dbo].[GioHang] ([MaKH], [MaSP], [SoLuong]) VALUES (23, 7, 3)
INSERT [dbo].[GioHang] ([MaKH], [MaSP], [SoLuong]) VALUES (23, 8, 1)
INSERT [dbo].[GioHang] ([MaKH], [MaSP], [SoLuong]) VALUES (23, 9, 3)
INSERT [dbo].[GioHang] ([MaKH], [MaSP], [SoLuong]) VALUES (23, 11, 1)
INSERT [dbo].[GioHang] ([MaKH], [MaSP], [SoLuong]) VALUES (23, 55, 1)
INSERT [dbo].[GioHang] ([MaKH], [MaSP], [SoLuong]) VALUES (25, 54, 4)
INSERT [dbo].[GioHang] ([MaKH], [MaSP], [SoLuong]) VALUES (26, 4, 2)
INSERT [dbo].[GioHang] ([MaKH], [MaSP], [SoLuong]) VALUES (26, 29, 2)
INSERT [dbo].[GioHang] ([MaKH], [MaSP], [SoLuong]) VALUES (27, 2, 4)
INSERT [dbo].[GioHang] ([MaKH], [MaSP], [SoLuong]) VALUES (27, 39, 5)
INSERT [dbo].[GioHang] ([MaKH], [MaSP], [SoLuong]) VALUES (27, 58, 1)
INSERT [dbo].[GioHang] ([MaKH], [MaSP], [SoLuong]) VALUES (27, 59, 3)
INSERT [dbo].[GioHang] ([MaKH], [MaSP], [SoLuong]) VALUES (28, 22, 1)
INSERT [dbo].[GioHang] ([MaKH], [MaSP], [SoLuong]) VALUES (29, 8, 1)
INSERT [dbo].[GioHang] ([MaKH], [MaSP], [SoLuong]) VALUES (29, 10, 3)
INSERT [dbo].[GioHang] ([MaKH], [MaSP], [SoLuong]) VALUES (29, 19, 2)
INSERT [dbo].[GioHang] ([MaKH], [MaSP], [SoLuong]) VALUES (30, 49, 1)
INSERT [dbo].[GioHang] ([MaKH], [MaSP], [SoLuong]) VALUES (31, 41, 4)
INSERT [dbo].[GioHang] ([MaKH], [MaSP], [SoLuong]) VALUES (33, 13, 2)
INSERT [dbo].[GioHang] ([MaKH], [MaSP], [SoLuong]) VALUES (33, 30, 5)
INSERT [dbo].[GioHang] ([MaKH], [MaSP], [SoLuong]) VALUES (34, 8, 2)
INSERT [dbo].[GioHang] ([MaKH], [MaSP], [SoLuong]) VALUES (34, 20, 2)
INSERT [dbo].[GioHang] ([MaKH], [MaSP], [SoLuong]) VALUES (35, 47, 1)
INSERT [dbo].[GioHang] ([MaKH], [MaSP], [SoLuong]) VALUES (35, 52, 4)
INSERT [dbo].[GioHang] ([MaKH], [MaSP], [SoLuong]) VALUES (37, 13, 2)
INSERT [dbo].[GioHang] ([MaKH], [MaSP], [SoLuong]) VALUES (37, 34, 5)
INSERT [dbo].[GioHang] ([MaKH], [MaSP], [SoLuong]) VALUES (38, 46, 4)
INSERT [dbo].[GioHang] ([MaKH], [MaSP], [SoLuong]) VALUES (39, 16, 2)
INSERT [dbo].[GioHang] ([MaKH], [MaSP], [SoLuong]) VALUES (40, 22, 2)
INSERT [dbo].[GioHang] ([MaKH], [MaSP], [SoLuong]) VALUES (40, 49, 1)
INSERT [dbo].[GioHang] ([MaKH], [MaSP], [SoLuong]) VALUES (40, 50, 2)
INSERT [dbo].[GioHang] ([MaKH], [MaSP], [SoLuong]) VALUES (41, 11, 2)
INSERT [dbo].[GioHang] ([MaKH], [MaSP], [SoLuong]) VALUES (41, 26, 2)
INSERT [dbo].[GioHang] ([MaKH], [MaSP], [SoLuong]) VALUES (42, 12, 1)
INSERT [dbo].[GioHang] ([MaKH], [MaSP], [SoLuong]) VALUES (42, 53, 2)
INSERT [dbo].[GioHang] ([MaKH], [MaSP], [SoLuong]) VALUES (42, 55, 4)
INSERT [dbo].[GioHang] ([MaKH], [MaSP], [SoLuong]) VALUES (43, 6, 2)
INSERT [dbo].[GioHang] ([MaKH], [MaSP], [SoLuong]) VALUES (43, 17, 4)
INSERT [dbo].[GioHang] ([MaKH], [MaSP], [SoLuong]) VALUES (44, 59, 3)
INSERT [dbo].[GioHang] ([MaKH], [MaSP], [SoLuong]) VALUES (45, 7, 1)
INSERT [dbo].[GioHang] ([MaKH], [MaSP], [SoLuong]) VALUES (45, 25, 2)
INSERT [dbo].[GioHang] ([MaKH], [MaSP], [SoLuong]) VALUES (45, 38, 2)
INSERT [dbo].[GioHang] ([MaKH], [MaSP], [SoLuong]) VALUES (45, 54, 3)
INSERT [dbo].[GioHang] ([MaKH], [MaSP], [SoLuong]) VALUES (47, 10, 5)
INSERT [dbo].[GioHang] ([MaKH], [MaSP], [SoLuong]) VALUES (48, 25, 1)
INSERT [dbo].[GioHang] ([MaKH], [MaSP], [SoLuong]) VALUES (49, 12, 1)
INSERT [dbo].[GioHang] ([MaKH], [MaSP], [SoLuong]) VALUES (49, 14, 2)
INSERT [dbo].[GioHang] ([MaKH], [MaSP], [SoLuong]) VALUES (49, 33, 2)
INSERT [dbo].[GioHang] ([MaKH], [MaSP], [SoLuong]) VALUES (49, 34, 3)
GO
SET IDENTITY_INSERT [dbo].[HoaDon] ON 

INSERT [dbo].[HoaDon] ([MaHD], [TTDH], [TTTT], [MaKH], [MaNV], [NgayHD], [NgayGH], [SDT], [DiaChi], [ThanhPho], [MaKM], [TriGia]) VALUES (1, N'1', N'Chưa thanh toán', 0, NULL, CAST(N'2022-11-25T00:00:00.000' AS DateTime), CAST(N'2022-11-27T00:00:00.000' AS DateTime), NULL, NULL, NULL, NULL, 0)
INSERT [dbo].[HoaDon] ([MaHD], [TTDH], [TTTT], [MaKH], [MaNV], [NgayHD], [NgayGH], [SDT], [DiaChi], [ThanhPho], [MaKM], [TriGia]) VALUES (2, N'Đang giao ', N'Chưa thanh toán', 31, 2, CAST(N'2022-11-25T00:00:00.000' AS DateTime), CAST(N'2022-11-28T00:00:00.000' AS DateTime), N'0938186858', N'307 cao ốc an khánh song hành tổ 42, An Phú Q.02', N'TP HCM', NULL, 8900000)
INSERT [dbo].[HoaDon] ([MaHD], [TTDH], [TTTT], [MaKH], [MaNV], [NgayHD], [NgayGH], [SDT], [DiaChi], [ThanhPho], [MaKM], [TriGia]) VALUES (3, N'Đã giao', N'Đã thanh toán', 7, 3, CAST(N'2022-11-25T00:00:00.000' AS DateTime), CAST(N'2022-11-28T00:00:00.000' AS DateTime), N'0779399939', N'Số nhà 307, phố Lê Quý Đôn, tổ 2, phường Bồ Xuyên', N'Thái Bình', 1, 60840000)
INSERT [dbo].[HoaDon] ([MaHD], [TTDH], [TTTT], [MaKH], [MaNV], [NgayHD], [NgayGH], [SDT], [DiaChi], [ThanhPho], [MaKM], [TriGia]) VALUES (4, N'Đang giao ', N'Chưa thanh toán', 25, 5, CAST(N'2022-11-25T00:00:00.000' AS DateTime), CAST(N'2022-11-30T00:00:00.000' AS DateTime), N'0908155512', N'Nhà số 9, ngách 90/19 đường Khuất Duy Tiến, phường Nhân Chính, quận Thanh Xuân ', N'Hà Nội', 1, 60669000)
INSERT [dbo].[HoaDon] ([MaHD], [TTDH], [TTTT], [MaKH], [MaNV], [NgayHD], [NgayGH], [SDT], [DiaChi], [ThanhPho], [MaKM], [TriGia]) VALUES (5, N'Bị hủy', N'Chưa thanh toán', 36, 4, CAST(N'2022-11-25T00:00:00.000' AS DateTime), CAST(N'2022-11-30T00:00:00.000' AS DateTime), N'0908502988', N'Số 36, phố Kim Hoa, phường Phương Liên, quận Đống Đa ', N'Hà Nội', 1, 64656000)
INSERT [dbo].[HoaDon] ([MaHD], [TTDH], [TTTT], [MaKH], [MaNV], [NgayHD], [NgayGH], [SDT], [DiaChi], [ThanhPho], [MaKM], [TriGia]) VALUES (6, N'Đang giao ', N'Chưa thanh toán', 46, 1, CAST(N'2022-11-25T00:00:00.000' AS DateTime), CAST(N'2022-11-29T00:00:00.000' AS DateTime), N'0912340619', N'BT 02 – Lô 01, dự án nhà ở Nam Thắng, tổ dân phố 02, phường Trung Văn, quận Nam Từ Liêm ', N'Hà Nội', NULL, 24043000)
INSERT [dbo].[HoaDon] ([MaHD], [TTDH], [TTTT], [MaKH], [MaNV], [NgayHD], [NgayGH], [SDT], [DiaChi], [ThanhPho], [MaKM], [TriGia]) VALUES (7, N'3', N'1', 0, NULL, CAST(N'2022-12-02T00:00:00.000' AS DateTime), CAST(N'2022-11-30T00:00:00.000' AS DateTime), NULL, NULL, NULL, NULL, 0)
INSERT [dbo].[HoaDon] ([MaHD], [TTDH], [TTTT], [MaKH], [MaNV], [NgayHD], [NgayGH], [SDT], [DiaChi], [ThanhPho], [MaKM], [TriGia]) VALUES (8, N'Đã giao', N'Đã thanh toán', 24, 3, CAST(N'2022-11-25T00:00:00.000' AS DateTime), CAST(N'2022-11-29T00:00:00.000' AS DateTime), N'0908346347', N'Lương Hồng Minh, R2B 1621 Royal City, 72 Nguyễn Trãi, Thanh Xuân', N'Hà Nội', 1, 96390000)
INSERT [dbo].[HoaDon] ([MaHD], [TTDH], [TTTT], [MaKH], [MaNV], [NgayHD], [NgayGH], [SDT], [DiaChi], [ThanhPho], [MaKM], [TriGia]) VALUES (9, N'Đang giao ', N'Chưa thanh toán', 47, 1, CAST(N'2022-11-25T00:00:00.000' AS DateTime), CAST(N'2022-11-30T00:00:00.000' AS DateTime), N'0919016339', N'57/65 Trần Bình Trọng, P1, Q5', N'TP HCM', NULL, 10710000)
INSERT [dbo].[HoaDon] ([MaHD], [TTDH], [TTTT], [MaKH], [MaNV], [NgayHD], [NgayGH], [SDT], [DiaChi], [ThanhPho], [MaKM], [TriGia]) VALUES (10, N'Đã giao', N'Đã thanh toán', 14, 2, CAST(N'2022-11-25T00:00:00.000' AS DateTime), CAST(N'2022-11-29T00:00:00.000' AS DateTime), N'0913606207', N'BT 02 – Lô 01, dự án nhà ở Nam Thắng, tổ dân phố 02, phường Trung Văn, quận Nam Từ Liêm ', N'Hà Nội', NULL, 49750000)
INSERT [dbo].[HoaDon] ([MaHD], [TTDH], [TTTT], [MaKH], [MaNV], [NgayHD], [NgayGH], [SDT], [DiaChi], [ThanhPho], [MaKM], [TriGia]) VALUES (11, N'Đã giao', N'Đã thanh toán', 23, 4, CAST(N'2022-11-25T00:00:00.000' AS DateTime), CAST(N'2022-11-28T00:00:00.000' AS DateTime), N'0327566820', N'17 ngách 16/64 phố Hoàng Cầu, phường Ô Chợ Dừa, quận Đống Đa ', N'Hà Nội', 1, 801312000)
INSERT [dbo].[HoaDon] ([MaHD], [TTDH], [TTTT], [MaKH], [MaNV], [NgayHD], [NgayGH], [SDT], [DiaChi], [ThanhPho], [MaKM], [TriGia]) VALUES (12, N'Đang giao ', N'Chưa thanh toán', 48, 4, CAST(N'2022-11-25T00:00:00.000' AS DateTime), CAST(N'2022-11-28T00:00:00.000' AS DateTime), N'0989552128', N'31 Trần Chánh Chiếu, P14, Q5', N'TP HCM', NULL, 21528000)
INSERT [dbo].[HoaDon] ([MaHD], [TTDH], [TTTT], [MaKH], [MaNV], [NgayHD], [NgayGH], [SDT], [DiaChi], [ThanhPho], [MaKM], [TriGia]) VALUES (13, N'Đang giao ', N'Chưa thanh toán', 15, 1, CAST(N'2022-11-25T00:00:00.000' AS DateTime), CAST(N'2022-11-27T00:00:00.000' AS DateTime), N'0938888456', N'2/41 Cao Thắng P5, Q3', N'TP HCM', NULL, 44640000)
INSERT [dbo].[HoaDon] ([MaHD], [TTDH], [TTTT], [MaKH], [MaNV], [NgayHD], [NgayGH], [SDT], [DiaChi], [ThanhPho], [MaKM], [TriGia]) VALUES (14, N'Đang chờ', N'Chưa thanh toán', 12, 3, CAST(N'2022-11-25T00:00:00.000' AS DateTime), CAST(N'2022-11-28T00:00:00.000' AS DateTime), N'0903437799', N'31 Trần Chánh Chiếu, P14, Q5', N'TP HCM', NULL, 25174800)
INSERT [dbo].[HoaDon] ([MaHD], [TTDH], [TTTT], [MaKH], [MaNV], [NgayHD], [NgayGH], [SDT], [DiaChi], [ThanhPho], [MaKM], [TriGia]) VALUES (15, N'Bị hủy', N'Chưa thanh toán', 15, 1, CAST(N'2022-11-25T00:00:00.000' AS DateTime), CAST(N'2022-11-30T00:00:00.000' AS DateTime), N'0938888456', N'Số 26-BT7 Đô thị Văn Quán, phường Văn Quán, quận Hà Đông ', N'Hà Nội', NULL, 3871000)
INSERT [dbo].[HoaDon] ([MaHD], [TTDH], [TTTT], [MaKH], [MaNV], [NgayHD], [NgayGH], [SDT], [DiaChi], [ThanhPho], [MaKM], [TriGia]) VALUES (16, N'Đang giao ', N'Chưa thanh toán', 28, 4, CAST(N'2022-11-25T00:00:00.000' AS DateTime), CAST(N'2022-11-27T00:00:00.000' AS DateTime), N'0988734433', N'Trương Thị Huế, Phòng GDKHDN BIDV Thanh Xuân, tầng 6 – Hapulico Complex, số 1 Nguyễn Huy Tưởng, Thanh Xuân Trung, Thanh Xuân ', N'Hà Nội', NULL, 3962500)
INSERT [dbo].[HoaDon] ([MaHD], [TTDH], [TTTT], [MaKH], [MaNV], [NgayHD], [NgayGH], [SDT], [DiaChi], [ThanhPho], [MaKM], [TriGia]) VALUES (17, N'Đã giao', N'Đã thanh toán', 32, 3, CAST(N'2022-11-25T00:00:00.000' AS DateTime), CAST(N'2022-11-29T00:00:00.000' AS DateTime), N'0939248357', N'300/43 Nguyễn Văn Linh, Phường Bình Thuận, Quận 7', N'TP HCM', NULL, 396000)
INSERT [dbo].[HoaDon] ([MaHD], [TTDH], [TTTT], [MaKH], [MaNV], [NgayHD], [NgayGH], [SDT], [DiaChi], [ThanhPho], [MaKM], [TriGia]) VALUES (18, N'Bị hủy', N'Chưa thanh toán', 10, 1, CAST(N'2022-11-25T00:00:00.000' AS DateTime), CAST(N'2022-11-28T00:00:00.000' AS DateTime), N'0904446766', N'33/5, Trần Bình Trọng, P1, Q5', N'TP HCM', NULL, 6399000)
INSERT [dbo].[HoaDon] ([MaHD], [TTDH], [TTTT], [MaKH], [MaNV], [NgayHD], [NgayGH], [SDT], [DiaChi], [ThanhPho], [MaKM], [TriGia]) VALUES (19, N'Bị hủy', N'Chưa thanh toán', 11, 4, CAST(N'2022-11-25T00:00:00.000' AS DateTime), CAST(N'2022-11-29T00:00:00.000' AS DateTime), N'0903514979', N'Ủy ban Quốc phòng và An ninh của Quốc hội, số 22 Hùng Vương, Ba Đình', N'Hà Nội', 1, 81429300)
INSERT [dbo].[HoaDon] ([MaHD], [TTDH], [TTTT], [MaKH], [MaNV], [NgayHD], [NgayGH], [SDT], [DiaChi], [ThanhPho], [MaKM], [TriGia]) VALUES (20, N'Đang chờ', N'Chưa thanh toán', 27, 2, CAST(N'2022-11-25T00:00:00.000' AS DateTime), CAST(N'2022-11-30T00:00:00.000' AS DateTime), N'0918262707', N'408 A2 C.c An Phú', N'TP HCM', 1, 63990000)
INSERT [dbo].[HoaDon] ([MaHD], [TTDH], [TTTT], [MaKH], [MaNV], [NgayHD], [NgayGH], [SDT], [DiaChi], [ThanhPho], [MaKM], [TriGia]) VALUES (21, N'Đã giao', N'Đã thanh toán', 2, 1, CAST(N'2022-11-25T00:00:00.000' AS DateTime), CAST(N'2022-11-30T00:00:00.000' AS DateTime), N'0907744277', N'Nhà số 9, ngách 90/19 đường Khuất Duy Tiến, phường Nhân Chính, quận Thanh Xuân ', N'Hà Nội', 1, 291887100)
INSERT [dbo].[HoaDon] ([MaHD], [TTDH], [TTTT], [MaKH], [MaNV], [NgayHD], [NgayGH], [SDT], [DiaChi], [ThanhPho], [MaKM], [TriGia]) VALUES (22, N'Đang chờ', N'Chưa thanh toán', 36, 3, CAST(N'2022-11-25T00:00:00.000' AS DateTime), CAST(N'2022-11-28T00:00:00.000' AS DateTime), N'0908502988', N'57/65 Trần Bình Trọng, P1, Q5', N'TP HCM', NULL, 20178000)
INSERT [dbo].[HoaDon] ([MaHD], [TTDH], [TTTT], [MaKH], [MaNV], [NgayHD], [NgayGH], [SDT], [DiaChi], [ThanhPho], [MaKM], [TriGia]) VALUES (23, N'Đang giao ', N'Chưa thanh toán', 14, 5, CAST(N'2022-11-25T00:00:00.000' AS DateTime), CAST(N'2022-11-30T00:00:00.000' AS DateTime), N'0913606207', N'408 A2 C.c An Phú', N'TP HCM', NULL, 40480000)
INSERT [dbo].[HoaDon] ([MaHD], [TTDH], [TTTT], [MaKH], [MaNV], [NgayHD], [NgayGH], [SDT], [DiaChi], [ThanhPho], [MaKM], [TriGia]) VALUES (24, N'Đã giao', N'Đã thanh toán', 2, 5, CAST(N'2022-11-25T00:00:00.000' AS DateTime), CAST(N'2022-11-30T00:00:00.000' AS DateTime), N'0907744277', N'NV1-56 Khu Tổng cục V Bộ Công an, xã Tân Triều, huyện Thanh Trì ', N'Hà Nội', 1, 130032000)
INSERT [dbo].[HoaDon] ([MaHD], [TTDH], [TTTT], [MaKH], [MaNV], [NgayHD], [NgayGH], [SDT], [DiaChi], [ThanhPho], [MaKM], [TriGia]) VALUES (25, N'Đang chờ', N'Chưa thanh toán', 22, 2, CAST(N'2022-11-25T00:00:00.000' AS DateTime), CAST(N'2022-11-29T00:00:00.000' AS DateTime), N'0944178579', N'300/43 Nguyễn Văn Linh, Phường Bình Thuận, Quận 7', N'TP HCM', 1, 81972000)
INSERT [dbo].[HoaDon] ([MaHD], [TTDH], [TTTT], [MaKH], [MaNV], [NgayHD], [NgayGH], [SDT], [DiaChi], [ThanhPho], [MaKM], [TriGia]) VALUES (26, N'Đang chờ', N'Chưa thanh toán', 10, 4, CAST(N'2022-11-25T00:00:00.000' AS DateTime), CAST(N'2022-11-30T00:00:00.000' AS DateTime), N'0904446766', N'B16 Sonh Hành An Phú Q2', N'TP HCM', 1, 138510000)
INSERT [dbo].[HoaDon] ([MaHD], [TTDH], [TTTT], [MaKH], [MaNV], [NgayHD], [NgayGH], [SDT], [DiaChi], [ThanhPho], [MaKM], [TriGia]) VALUES (27, N'Bị hủy', N'Chưa thanh toán', 18, 5, CAST(N'2022-11-25T00:00:00.000' AS DateTime), CAST(N'2022-11-28T00:00:00.000' AS DateTime), N'0834655457', N'30 LK9 khu đô thị Xa La, phường Phúc La, quận Hà Đông ', N'Hà Nội', 1, 140175000)
INSERT [dbo].[HoaDon] ([MaHD], [TTDH], [TTTT], [MaKH], [MaNV], [NgayHD], [NgayGH], [SDT], [DiaChi], [ThanhPho], [MaKM], [TriGia]) VALUES (28, N'Đã giao', N'Đã thanh toán', 37, 3, CAST(N'2022-11-25T00:00:00.000' AS DateTime), CAST(N'2022-11-29T00:00:00.000' AS DateTime), N'0902006282', N'30 LK9 khu đô thị Xa La, phường Phúc La, quận Hà Đông ', N'Hà Nội', 1, 84960000)
INSERT [dbo].[HoaDon] ([MaHD], [TTDH], [TTTT], [MaKH], [MaNV], [NgayHD], [NgayGH], [SDT], [DiaChi], [ThanhPho], [MaKM], [TriGia]) VALUES (29, N'Bị hủy', N'Chưa thanh toán', 37, 3, CAST(N'2022-11-25T00:00:00.000' AS DateTime), CAST(N'2022-11-29T00:00:00.000' AS DateTime), N'0902006282', N'BT 02 – Lô 01, dự án nhà ở Nam Thắng, tổ dân phố 02, phường Trung Văn, quận Nam Từ Liêm ', N'Hà Nội', NULL, 30000000)
INSERT [dbo].[HoaDon] ([MaHD], [TTDH], [TTTT], [MaKH], [MaNV], [NgayHD], [NgayGH], [SDT], [DiaChi], [ThanhPho], [MaKM], [TriGia]) VALUES (30, N'Đã giao', N'Đã thanh toán', 24, 4, CAST(N'2022-11-25T00:00:00.000' AS DateTime), CAST(N'2022-11-27T00:00:00.000' AS DateTime), N'0908346347', N'P6 tầng 8, chung cư cao tầng Trung Yên I, phường Trung Hòa, quận Cầu Giấy ', N'Hà Nội', 1, 191160000)
INSERT [dbo].[HoaDon] ([MaHD], [TTDH], [TTTT], [MaKH], [MaNV], [NgayHD], [NgayGH], [SDT], [DiaChi], [ThanhPho], [MaKM], [TriGia]) VALUES (31, N'Đã giao', N'Đã thanh toán', 43, 4, CAST(N'2022-11-25T00:00:00.000' AS DateTime), CAST(N'2022-11-28T00:00:00.000' AS DateTime), N'0902491904', N'30 LK9 khu đô thị Xa La, phường Phúc La, quận Hà Đông ', N'Hà Nội', 1, 78939000)
INSERT [dbo].[HoaDon] ([MaHD], [TTDH], [TTTT], [MaKH], [MaNV], [NgayHD], [NgayGH], [SDT], [DiaChi], [ThanhPho], [MaKM], [TriGia]) VALUES (32, N'Đang giao ', N'Chưa thanh toán', 37, 4, CAST(N'2022-11-25T00:00:00.000' AS DateTime), CAST(N'2022-11-29T00:00:00.000' AS DateTime), N'0902006282', N'Số 36, phố Kim Hoa, phường Phương Liên, quận Đống Đa ', N'Hà Nội', NULL, 26910000)
INSERT [dbo].[HoaDon] ([MaHD], [TTDH], [TTTT], [MaKH], [MaNV], [NgayHD], [NgayGH], [SDT], [DiaChi], [ThanhPho], [MaKM], [TriGia]) VALUES (33, N'Đang giao ', N'Chưa thanh toán', 46, 3, CAST(N'2022-11-25T00:00:00.000' AS DateTime), CAST(N'2022-11-27T00:00:00.000' AS DateTime), N'0912340619', N'30 LK9 khu đô thị Xa La, phường Phúc La, quận Hà Đông ', N'Hà Nội', 1, 50328000)
INSERT [dbo].[HoaDon] ([MaHD], [TTDH], [TTTT], [MaKH], [MaNV], [NgayHD], [NgayGH], [SDT], [DiaChi], [ThanhPho], [MaKM], [TriGia]) VALUES (34, N'Đã giao', N'Đã thanh toán', 37, 5, CAST(N'2022-11-25T00:00:00.000' AS DateTime), CAST(N'2022-11-30T00:00:00.000' AS DateTime), N'0902006282', N'300/43 Nguyễn Văn Linh, Phường Bình Thuận, Quận 7', N'TP HCM', NULL, 49750000)
INSERT [dbo].[HoaDon] ([MaHD], [TTDH], [TTTT], [MaKH], [MaNV], [NgayHD], [NgayGH], [SDT], [DiaChi], [ThanhPho], [MaKM], [TriGia]) VALUES (35, N'Đang giao ', N'Chưa thanh toán', 10, 4, CAST(N'2022-11-25T00:00:00.000' AS DateTime), CAST(N'2022-11-27T00:00:00.000' AS DateTime), N'0904446766', N'33/5, Trần Bình Trọng, P1, Q5', N'TP HCM', NULL, 9584000)
INSERT [dbo].[HoaDon] ([MaHD], [TTDH], [TTTT], [MaKH], [MaNV], [NgayHD], [NgayGH], [SDT], [DiaChi], [ThanhPho], [MaKM], [TriGia]) VALUES (36, N'Đã giao', N'Đã thanh toán', 11, 2, CAST(N'2022-11-25T00:00:00.000' AS DateTime), CAST(N'2022-11-29T00:00:00.000' AS DateTime), N'0903514979', N'B16 Sonh Hành An Phú Q2', N'TP HCM', NULL, 35796000)
INSERT [dbo].[HoaDon] ([MaHD], [TTDH], [TTTT], [MaKH], [MaNV], [NgayHD], [NgayGH], [SDT], [DiaChi], [ThanhPho], [MaKM], [TriGia]) VALUES (37, N'Bị hủy', N'Chưa thanh toán', 18, 2, CAST(N'2022-11-25T00:00:00.000' AS DateTime), CAST(N'2022-11-27T00:00:00.000' AS DateTime), N'0834655457', N'Trương Thị Huế, Phòng GDKHDN BIDV Thanh Xuân, tầng 6 – Hapulico Complex, số 1 Nguyễn Huy Tưởng, Thanh Xuân Trung, Thanh Xuân ', N'Hà Nội', NULL, 1160000)
INSERT [dbo].[HoaDon] ([MaHD], [TTDH], [TTTT], [MaKH], [MaNV], [NgayHD], [NgayGH], [SDT], [DiaChi], [ThanhPho], [MaKM], [TriGia]) VALUES (38, N'Đang chờ', N'Chưa thanh toán', 32, 3, CAST(N'2022-11-25T00:00:00.000' AS DateTime), CAST(N'2022-11-27T00:00:00.000' AS DateTime), N'0939248357', N'Căn B0711 tầng 7 tòa B Tòa Sky City Tower, 88 Láng Hạ, quận Đống Đa ', N'Hà Nội', NULL, 32475000)
INSERT [dbo].[HoaDon] ([MaHD], [TTDH], [TTTT], [MaKH], [MaNV], [NgayHD], [NgayGH], [SDT], [DiaChi], [ThanhPho], [MaKM], [TriGia]) VALUES (39, N'Đang chờ', N'Chưa thanh toán', 45, 2, CAST(N'2022-11-25T00:00:00.000' AS DateTime), CAST(N'2022-11-27T00:00:00.000' AS DateTime), N'0909040749', N'307 cao ốc an khánh song hành tổ 42, An Phú Q.02', N'TP HCM', NULL, 31840000)
INSERT [dbo].[HoaDon] ([MaHD], [TTDH], [TTTT], [MaKH], [MaNV], [NgayHD], [NgayGH], [SDT], [DiaChi], [ThanhPho], [MaKM], [TriGia]) VALUES (40, N'Đang giao ', N'Chưa thanh toán', 9, 1, CAST(N'2022-11-25T00:00:00.000' AS DateTime), CAST(N'2022-11-28T00:00:00.000' AS DateTime), N'0903926758', N'Long Trị, Long Mỹ', N'Hậu Giang', 1, 48240000)
INSERT [dbo].[HoaDon] ([MaHD], [TTDH], [TTTT], [MaKH], [MaNV], [NgayHD], [NgayGH], [SDT], [DiaChi], [ThanhPho], [MaKM], [TriGia]) VALUES (48, N'Đang giao', N'Chưa thanh toán', 1, NULL, CAST(N'2022-12-11T17:11:09.497' AS DateTime), CAST(N'2022-12-11T17:11:09.523' AS DateTime), NULL, N'B16 Song hành An phú – An Khánh Q.02 ', N'TP HCM', NULL, 0)
INSERT [dbo].[HoaDon] ([MaHD], [TTDH], [TTTT], [MaKH], [MaNV], [NgayHD], [NgayGH], [SDT], [DiaChi], [ThanhPho], [MaKM], [TriGia]) VALUES (49, N'Đang giao', N'Chưa thanh toán', 21, NULL, CAST(N'2022-12-11T17:15:39.813' AS DateTime), CAST(N'2022-12-11T17:15:39.813' AS DateTime), NULL, N'NV1-56 Khu Tổng cục V Bộ Công an, xã Tân Triều, huyện Thanh Trì ', N'Hà Nội', NULL, 14110000)
INSERT [dbo].[HoaDon] ([MaHD], [TTDH], [TTTT], [MaKH], [MaNV], [NgayHD], [NgayGH], [SDT], [DiaChi], [ThanhPho], [MaKM], [TriGia]) VALUES (50, N'Đang giao', N'Chưa thanh toán', 21, NULL, CAST(N'2022-12-11T17:25:34.377' AS DateTime), CAST(N'2022-12-11T17:25:34.377' AS DateTime), NULL, N'NV1-56 Khu Tổng cục V Bộ Công an, xã Tân Triều, huyện Thanh Trì ', N'Hà Nội', NULL, 43300000)
INSERT [dbo].[HoaDon] ([MaHD], [TTDH], [TTTT], [MaKH], [MaNV], [NgayHD], [NgayGH], [SDT], [DiaChi], [ThanhPho], [MaKM], [TriGia]) VALUES (51, N'Đang giao', N'Chưa thanh toán', 4, NULL, CAST(N'2022-12-11T18:40:27.580' AS DateTime), CAST(N'2022-12-11T18:40:27.580' AS DateTime), NULL, N'12 đường 8 (cũ 7Đ1), p.An Phú Q.02', N'TP HCM', NULL, 11650000)
INSERT [dbo].[HoaDon] ([MaHD], [TTDH], [TTTT], [MaKH], [MaNV], [NgayHD], [NgayGH], [SDT], [DiaChi], [ThanhPho], [MaKM], [TriGia]) VALUES (52, N'Đang giao', N'Chưa thanh toán', 8, NULL, CAST(N'2022-12-11T19:13:15.203' AS DateTime), CAST(N'2022-12-11T19:13:15.203' AS DateTime), NULL, N'1080 đường 10B p. An Phú Q.02', N'TP HCM', NULL, 10120000)
INSERT [dbo].[HoaDon] ([MaHD], [TTDH], [TTTT], [MaKH], [MaNV], [NgayHD], [NgayGH], [SDT], [DiaChi], [ThanhPho], [MaKM], [TriGia]) VALUES (53, N'Đang giao', N'Chưa thanh toán', 8, NULL, CAST(N'2022-12-11T19:32:38.173' AS DateTime), CAST(N'2022-12-11T19:32:38.173' AS DateTime), NULL, N'1080 đường 10B p. An Phú Q.02', N'TP HCM', NULL, 11650000)
INSERT [dbo].[HoaDon] ([MaHD], [TTDH], [TTTT], [MaKH], [MaNV], [NgayHD], [NgayGH], [SDT], [DiaChi], [ThanhPho], [MaKM], [TriGia]) VALUES (54, N'Đang giao', N'Chưa thanh toán', 8, NULL, CAST(N'2022-12-11T19:34:28.190' AS DateTime), CAST(N'2022-12-11T19:34:28.190' AS DateTime), NULL, N'1080 đường 10B p. An Phú Q.02', N'TP HCM', NULL, 7490000)
INSERT [dbo].[HoaDon] ([MaHD], [TTDH], [TTTT], [MaKH], [MaNV], [NgayHD], [NgayGH], [SDT], [DiaChi], [ThanhPho], [MaKM], [TriGia]) VALUES (55, N'Đang giao', N'Chưa thanh toán', 6, NULL, CAST(N'2022-12-11T20:10:37.270' AS DateTime), CAST(N'2022-12-11T20:10:37.270' AS DateTime), NULL, N'128 đường 17B p. An Phú Q.02', N'TP HCM', NULL, 32793000)
INSERT [dbo].[HoaDon] ([MaHD], [TTDH], [TTTT], [MaKH], [MaNV], [NgayHD], [NgayGH], [SDT], [DiaChi], [ThanhPho], [MaKM], [TriGia]) VALUES (56, N'Đang giao', N'Chưa thanh toán', 32, NULL, CAST(N'2022-12-12T21:45:45.993' AS DateTime), CAST(N'2022-12-12T21:45:45.993' AS DateTime), NULL, N'Trương Thị Huế, Phòng GDKHDN BIDV Thanh Xuân, tầng 6 – Hapulico Complex, số 1 Nguyễn Huy Tưởng, Thanh Xuân Trung, Thanh Xuân ', N'Hà Nội', NULL, 19740000)
SET IDENTITY_INSERT [dbo].[HoaDon] OFF
GO
SET IDENTITY_INSERT [dbo].[KhachHang] ON 

INSERT [dbo].[KhachHang] ([MaKH], [HoTen], [Email], [Password], [SDT], [DiaChi], [ThanhPho], [NgayTao], [Quyen], [GioiTinh]) VALUES (2, N'NGÔ XUÂN BÌNH', N'ngoxuanbinh54@gmail.com', N'456', N'0907744277', N'408 A2 C.c An Phú, Hồ Chí Minh ', N'TP HCM', CAST(N'2022-11-16T00:00:00.000' AS DateTime), 2, N'Nam       ')
INSERT [dbo].[KhachHang] ([MaKH], [HoTen], [Email], [Password], [SDT], [DiaChi], [ThanhPho], [NgayTao], [Quyen], [GioiTinh]) VALUES (3, N'NGUYỄN THỊ PHƯƠNG', N'phuong@ptcrance.com.vn', N'1', N'0903966608', N'503 Cao ốc  An Phú P.An Phú Q.3', N'TP HCM', CAST(N'2022-11-16T00:00:00.000' AS DateTime), 2, N'Nữ        ')
INSERT [dbo].[KhachHang] ([MaKH], [HoTen], [Email], [Password], [SDT], [DiaChi], [ThanhPho], [NgayTao], [Quyen], [GioiTinh]) VALUES (4, N'PHẠM NGỌC LONG', N'Phamngoclong@gmail.com', N'1', N'0908885667', N'12 đường 8 (cũ 7Đ1), p.An Phú Q.02', N'TP HCM', CAST(N'2022-11-16T00:00:00.000' AS DateTime), 2, N'Nam       ')
INSERT [dbo].[KhachHang] ([MaKH], [HoTen], [Email], [Password], [SDT], [DiaChi], [ThanhPho], [NgayTao], [Quyen], [GioiTinh]) VALUES (5, N'NGUYỄN MẠNH HÀ', N'hathanh712000@gmail.com', N'1', N'0918278050', N'84 Đường 1 khu B , An Phú Q.02', N'TP HCM', CAST(N'2022-11-16T00:00:00.000' AS DateTime), 2, N'Nam       ')
INSERT [dbo].[KhachHang] ([MaKH], [HoTen], [Email], [Password], [SDT], [DiaChi], [ThanhPho], [NgayTao], [Quyen], [GioiTinh]) VALUES (6, N'TRẦN HÀ LINH', N'halinhcnn@gmail.com', N'1', N'0906815176', N'128 đường 17B p. An Phú Q.02', N'TP HCM', CAST(N'2022-11-16T00:00:00.000' AS DateTime), 2, N'Nữ        ')
INSERT [dbo].[KhachHang] ([MaKH], [HoTen], [Email], [Password], [SDT], [DiaChi], [ThanhPho], [NgayTao], [Quyen], [GioiTinh]) VALUES (7, N'TRẦN NGỌC DƯƠNG', N'duongqlkt12@gmail.com.vn', N'1', N'0779399939', N'307 cao ốc an khánh song hành tổ 42, An Phú Q.02', N'TP HCM', CAST(N'2022-11-16T00:00:00.000' AS DateTime), 2, N'Nam       ')
INSERT [dbo].[KhachHang] ([MaKH], [HoTen], [Email], [Password], [SDT], [DiaChi], [ThanhPho], [NgayTao], [Quyen], [GioiTinh]) VALUES (8, N'NGUYỄN VĂN ANH', N'hienvistar.hp@gmail.com', N'1', N'0912126132', N'1080 đường 10B p. An Phú Q.02', N'TP HCM', CAST(N'2022-11-16T00:00:00.000' AS DateTime), 2, N'Nam       ')
INSERT [dbo].[KhachHang] ([MaKH], [HoTen], [Email], [Password], [SDT], [DiaChi], [ThanhPho], [NgayTao], [Quyen], [GioiTinh]) VALUES (9, N'CAO DUY KHÁNH', N'sonchanvu@gmail.com', N'1', N'0903926758', N'Long Trị, Long Mỹ', N'Hậu Giang', CAST(N'2022-11-16T00:00:00.000' AS DateTime), 2, N'Nam       ')
INSERT [dbo].[KhachHang] ([MaKH], [HoTen], [Email], [Password], [SDT], [DiaChi], [ThanhPho], [NgayTao], [Quyen], [GioiTinh]) VALUES (10, N'BÙI THỊ HỒNG LOAN', N'tamnguyenminh16459@gmail.com', N'1', N'0904446766', N'300/43 Nguyễn Văn Linh, Phường Bình Thuận, Quận 7', N'TP HCM', CAST(N'2022-11-16T00:00:00.000' AS DateTime), 2, N'Nữ        ')
INSERT [dbo].[KhachHang] ([MaKH], [HoTen], [Email], [Password], [SDT], [DiaChi], [ThanhPho], [NgayTao], [Quyen], [GioiTinh]) VALUES (11, N'NGUYỄN THỊ MINH TÂM', N'vietvuvn@gmail.com', N'1', N'0903514979', N'33/5, Trần Bình Trọng, P1, Q5', N'TP HCM', CAST(N'2022-11-16T00:00:00.000' AS DateTime), 2, N'Nữ        ')
INSERT [dbo].[KhachHang] ([MaKH], [HoTen], [Email], [Password], [SDT], [DiaChi], [ThanhPho], [NgayTao], [Quyen], [GioiTinh]) VALUES (12, N'NGUYỄN VŨ VIỆT', N'bhthanh1974@gmail.com', N'1', N'0903437799', N'2/41 Cao Thắng P5, Q3', N'TP HCM', CAST(N'2022-11-17T00:00:00.000' AS DateTime), 2, N'Nam       ')
INSERT [dbo].[KhachHang] ([MaKH], [HoTen], [Email], [Password], [SDT], [DiaChi], [ThanhPho], [NgayTao], [Quyen], [GioiTinh]) VALUES (13, N'BÙI HOÀI THANH', N'hoangconghung80@gmail.com', N'1', N'0909656162', N'276 Phan Văn Trị, Q.Bình Thạnh', N'TP HCM', CAST(N'2022-11-18T00:00:00.000' AS DateTime), 2, N'Nữ        ')
INSERT [dbo].[KhachHang] ([MaKH], [HoTen], [Email], [Password], [SDT], [DiaChi], [ThanhPho], [NgayTao], [Quyen], [GioiTinh]) VALUES (14, N'ĐỖ MAI HƯƠNG', N'vuenglishclass@gmail.com', N'1', N'0913606207', N'57/65 Trần Bình Trọng, P1, Q5', N'TP HCM', CAST(N'2022-11-19T00:00:00.000' AS DateTime), 2, N'Nữ        ')
INSERT [dbo].[KhachHang] ([MaKH], [HoTen], [Email], [Password], [SDT], [DiaChi], [ThanhPho], [NgayTao], [Quyen], [GioiTinh]) VALUES (15, N'HỒ LÊ VŨ', N'nhaihn@gmail.com', N'1', N'0938888456', N'31 Trần Chánh Chiếu, P14, Q5', N'TP HCM', CAST(N'2022-11-20T00:00:00.000' AS DateTime), 2, N'Nam       ')
INSERT [dbo].[KhachHang] ([MaKH], [HoTen], [Email], [Password], [SDT], [DiaChi], [ThanhPho], [NgayTao], [Quyen], [GioiTinh]) VALUES (16, N'TRẦN THỊ THU HIỀN', N'ngocdinhong@gmail.com', N'1', N'0908899623', N'1A73 Ấp 1 Phạm Văn Hai, H Bình Chánh', N'TP HCM', CAST(N'2022-11-21T00:00:00.000' AS DateTime), 2, N'Nữ        ')
INSERT [dbo].[KhachHang] ([MaKH], [HoTen], [Email], [Password], [SDT], [DiaChi], [ThanhPho], [NgayTao], [Quyen], [GioiTinh]) VALUES (17, N'ĐINH HỒNG NGỌC', N'phuongyen72thonhuom@gmail.com.vn', N'1', N'0908333316', N'246/28 Phan Huy Ích, P12, Q Gò Vấp', N'TP HCM', CAST(N'2022-11-22T00:00:00.000' AS DateTime), 2, N'Nữ        ')
INSERT [dbo].[KhachHang] ([MaKH], [HoTen], [Email], [Password], [SDT], [DiaChi], [ThanhPho], [NgayTao], [Quyen], [GioiTinh]) VALUES (18, N'NGUYỄN THỊ NGỌC YẾN', N'thuynt@gmail.com', N'1', N'0834655457', N'B16 Sonh Hành An Phú Q2', N'TP HCM', CAST(N'2022-11-23T00:00:00.000' AS DateTime), 2, N'Nữ        ')
INSERT [dbo].[KhachHang] ([MaKH], [HoTen], [Email], [Password], [SDT], [DiaChi], [ThanhPho], [NgayTao], [Quyen], [GioiTinh]) VALUES (19, N'NGUYỄN THU TRANG', N'trinhleha4@gmail.com', N'1', N'0938260978', N'Số 4 TT6A khu đô thị Tây Nam Linh Đàm, quận Hoàng Mai ', N'Hà Nội', CAST(N'2022-11-24T00:00:00.000' AS DateTime), 2, N'Nữ        ')
INSERT [dbo].[KhachHang] ([MaKH], [HoTen], [Email], [Password], [SDT], [DiaChi], [ThanhPho], [NgayTao], [Quyen], [GioiTinh]) VALUES (20, N'NGUYỄN THỊ THU THỦY', N'khucthinga@gmail.com', N'1', N'0903980160', N'14A Trưng Trắc, phường Nguyễn Trãi, quận Hà Đông, thành phố Hà Nội', N'Hà Nội', CAST(N'2022-11-25T00:00:00.000' AS DateTime), 2, N'Nữ        ')
INSERT [dbo].[KhachHang] ([MaKH], [HoTen], [Email], [Password], [SDT], [DiaChi], [ThanhPho], [NgayTao], [Quyen], [GioiTinh]) VALUES (21, N'TRỊNH LÊ HÀ', N'ngalt@sonchinh.com', N'1', N'0908065777', N'NV1-56 Khu Tổng cục V Bộ Công an, xã Tân Triều, huyện Thanh Trì ', N'Hà Nội', CAST(N'2022-11-26T00:00:00.000' AS DateTime), 2, N'Nữ        ')
INSERT [dbo].[KhachHang] ([MaKH], [HoTen], [Email], [Password], [SDT], [DiaChi], [ThanhPho], [NgayTao], [Quyen], [GioiTinh]) VALUES (22, N'KHÚC THỊ NGA', N'thang@gmail.com', N'1', N'0944178579', N'NV1-56 Khu Tổng cục V Bộ Công an, xã Tân Triều, huyện Thanh Trì ', N'Hà Nội', CAST(N'2022-11-27T00:00:00.000' AS DateTime), 2, N'Nữ        ')
INSERT [dbo].[KhachHang] ([MaKH], [HoTen], [Email], [Password], [SDT], [DiaChi], [ThanhPho], [NgayTao], [Quyen], [GioiTinh]) VALUES (23, N'LÊ THÚY NGA', N'vntqlx@gmail.com', N'1', N'0327566820', N'BT 02 – Lô 01, dự án nhà ở Nam Thắng, tổ dân phố 02, phường Trung Văn, quận Nam Từ Liêm ', N'Hà Nội', CAST(N'2022-11-28T00:00:00.000' AS DateTime), 2, N'Nữ        ')
INSERT [dbo].[KhachHang] ([MaKH], [HoTen], [Email], [Password], [SDT], [DiaChi], [ThanhPho], [NgayTao], [Quyen], [GioiTinh]) VALUES (24, N'NGUYỄN ĐẠI THẮNG', N'nmhaof@gmail.com', N'1', N'0908346347', N'BT 02 – Lô 01, dự án nhà ở Nam Thắng, tổ dân phố 02, phường Trung Văn, quận Nam Từ Liêm ', N'Hà Nội', CAST(N'2022-11-29T00:00:00.000' AS DateTime), 2, N'Nam       ')
INSERT [dbo].[KhachHang] ([MaKH], [HoTen], [Email], [Password], [SDT], [DiaChi], [ThanhPho], [NgayTao], [Quyen], [GioiTinh]) VALUES (25, N'PHẠM THÁI LĂNG', N'ml05011983@gmail.com.vn', N'1', N'0908155512', N'Số nhà 307, phố Lê Quý Đôn, tổ 2, phường Bồ Xuyên', N'Thái Bình', CAST(N'2022-11-30T00:00:00.000' AS DateTime), 2, N'Nam       ')
INSERT [dbo].[KhachHang] ([MaKH], [HoTen], [Email], [Password], [SDT], [DiaChi], [ThanhPho], [NgayTao], [Quyen], [GioiTinh]) VALUES (26, N'NGUYỄN MẠNH HÀO', N'h.anh@antech.com.vn', N'1', N'0942710025', N'P315-D5 khu TT 781, phường Khương Trung, quận Thanh Xuân ', N'Hà Nội', CAST(N'2022-12-01T00:00:00.000' AS DateTime), 2, N'Nam       ')
INSERT [dbo].[KhachHang] ([MaKH], [HoTen], [Email], [Password], [SDT], [DiaChi], [ThanhPho], [NgayTao], [Quyen], [GioiTinh]) VALUES (27, N'TRƯƠNG VĂN PHƯỢNG', N'tuyetlan2006@gmail.com', N'1', N'0918262707', N'Ủy ban Quốc phòng và An ninh của Quốc hội, số 22 Hùng Vương, Ba Đình', N'Hà Nội', CAST(N'2022-12-02T00:00:00.000' AS DateTime), 2, N'Nam       ')
INSERT [dbo].[KhachHang] ([MaKH], [HoTen], [Email], [Password], [SDT], [DiaChi], [ThanhPho], [NgayTao], [Quyen], [GioiTinh]) VALUES (28, N'NGUYỄN THỊ HOÀNG ANH', N'cuongf.ho@gmail.com', N'1', N'0988734433', N'Số 26-BT7 Đô thị Văn Quán, phường Văn Quán, quận Hà Đông ', N'Hà Nội', CAST(N'2022-12-03T00:00:00.000' AS DateTime), 2, N'Nữ        ')
INSERT [dbo].[KhachHang] ([MaKH], [HoTen], [Email], [Password], [SDT], [DiaChi], [ThanhPho], [NgayTao], [Quyen], [GioiTinh]) VALUES (29, N'NGUYỄN THỊ TUYẾT LAN', N'van.idcvietnam@gmail.com', N'1', N'0937376868', N'P508-CT1B Đô thị Văn Quán - Yên Phúc, phường Phúc La, quận Hà Đông', N'Hà Nội', CAST(N'2022-12-04T00:00:00.000' AS DateTime), 2, N'Nữ        ')
INSERT [dbo].[KhachHang] ([MaKH], [HoTen], [Email], [Password], [SDT], [DiaChi], [ThanhPho], [NgayTao], [Quyen], [GioiTinh]) VALUES (30, N'NGUYỄN MẠNH CƯỜNG', N'hungescape@gmail.com', N'1', N'0919045674', N'Công ty cổ phần Đầu tư đo thị và khu công nghiệp Sông Đà 7', N'Hà Nội', CAST(N'2022-12-05T00:00:00.000' AS DateTime), 2, N'Nam       ')
INSERT [dbo].[KhachHang] ([MaKH], [HoTen], [Email], [Password], [SDT], [DiaChi], [ThanhPho], [NgayTao], [Quyen], [GioiTinh]) VALUES (31, N'NGUYỄN HỒNG VÂN', N'ngan.knvtraveltravelagent@gmail.com', N'1', N'0938186858', N'Tổ 23, phường Hữu Nghị, thành phố Hòa Bình', N'Hà Nội', CAST(N'2022-12-06T00:00:00.000' AS DateTime), 2, N'Nữ        ')
INSERT [dbo].[KhachHang] ([MaKH], [HoTen], [Email], [Password], [SDT], [DiaChi], [ThanhPho], [NgayTao], [Quyen], [GioiTinh]) VALUES (32, N'BÙI THỊ THANH VÂN', N'sonda8285@gmail.com', N'1', N'0939248357', N'Trương Thị Huế, Phòng GDKHDN BIDV Thanh Xuân, tầng 6 – Hapulico Complex, số 1 Nguyễn Huy Tưởng, Thanh Xuân Trung, Thanh Xuân ', N'Hà Nội', CAST(N'2022-12-07T00:00:00.000' AS DateTime), 2, N'Nữ        ')
INSERT [dbo].[KhachHang] ([MaKH], [HoTen], [Email], [Password], [SDT], [DiaChi], [ThanhPho], [NgayTao], [Quyen], [GioiTinh]) VALUES (33, N'ĐẶNG NGỌC HÙNG', N'nguyenthiha534@gmail.com', N'1', N'0839400056', N'384/47 Lý Thái Tổ, phường 10, quận 10, thành phố Hồ Chí Minh', N'TP HCM', CAST(N'2022-12-08T00:00:00.000' AS DateTime), 2, N'Nam       ')
INSERT [dbo].[KhachHang] ([MaKH], [HoTen], [Email], [Password], [SDT], [DiaChi], [ThanhPho], [NgayTao], [Quyen], [GioiTinh]) VALUES (34, N'TRẦN THỊ KIM NGÂN', N'songbinh@gmail.com', N'1', N'0938450288', N'384/47 Lý Thái Tổ, phường 10, quận 10, thành phố Hồ Chí Minh', N'TP HCM', CAST(N'2022-12-09T00:00:00.000' AS DateTime), 2, N'Nữ        ')
INSERT [dbo].[KhachHang] ([MaKH], [HoTen], [Email], [Password], [SDT], [DiaChi], [ThanhPho], [NgayTao], [Quyen], [GioiTinh]) VALUES (35, N'NGUYỄN THỊ THÚY HẠNH', N'thinhvtuan@gmail.com', N'1', N'0933462688', N'Số 40, ngõ 142 Nguyễn Ngọc Nại, phường Khương Mai, quận Thanh Xuân ', N'Hà Nội', CAST(N'2022-12-10T00:00:00.000' AS DateTime), 2, N'Nữ        ')
INSERT [dbo].[KhachHang] ([MaKH], [HoTen], [Email], [Password], [SDT], [DiaChi], [ThanhPho], [NgayTao], [Quyen], [GioiTinh]) VALUES (36, N'NGUYỄN THỊ HÀ', N'phunghoanganh61@gmail.com', N'1', N'0908502988', N'Nhà số 9, ngách 90/19 đường Khuất Duy Tiến, phường Nhân Chính, quận Thanh Xuân ', N'Hà Nội', CAST(N'2022-12-11T00:00:00.000' AS DateTime), 2, N'Nữ        ')
INSERT [dbo].[KhachHang] ([MaKH], [HoTen], [Email], [Password], [SDT], [DiaChi], [ThanhPho], [NgayTao], [Quyen], [GioiTinh]) VALUES (37, N'NGUYỄN SONG BÌNH', N'cuonga_z@gmail.com', N'1', N'0902006282', N'30 LK9 khu đô thị Xa La, phường Phúc La, quận Hà Đông ', N'Hà Nội', CAST(N'2022-12-12T00:00:00.000' AS DateTime), 2, N'Nữ        ')
INSERT [dbo].[KhachHang] ([MaKH], [HoTen], [Email], [Password], [SDT], [DiaChi], [ThanhPho], [NgayTao], [Quyen], [GioiTinh]) VALUES (38, N'THỊNH VĂN TUÂN', N'trinhthuylinh2111@gmail.com', N'1', N'0789573648', N'Căn hộ 1705-CT3A khu đô thị mới Cổ Nhuế - TDP Hoàng 7, phường Cổ Nhuế 1, quận Bắc Từ Liêm ', N'Hà Nội', CAST(N'2022-12-13T00:00:00.000' AS DateTime), 2, N'Nam       ')
INSERT [dbo].[KhachHang] ([MaKH], [HoTen], [Email], [Password], [SDT], [DiaChi], [ThanhPho], [NgayTao], [Quyen], [GioiTinh]) VALUES (39, N'PHÙNG HOÀNG ANH', N'hapt.evnt@gmail.com', N'1', N'0902897332', N'Số 157A Hồ Đắc Di, phường Quang Trung, quận Đống Đa', N'Hà Nội', CAST(N'2022-12-14T00:00:00.000' AS DateTime), 2, N'Nữ        ')
INSERT [dbo].[KhachHang] ([MaKH], [HoTen], [Email], [Password], [SDT], [DiaChi], [ThanhPho], [NgayTao], [Quyen], [GioiTinh]) VALUES (40, N'NGUYỄN CƯỜNG', N'buibichvan@gmail.com', N'1', N'0918180840', N'Ngân hàng TMCP Quân đội - Số 3 Liễu Giai, quận Ba Đình', N'Hà Nội', CAST(N'2022-12-15T00:00:00.000' AS DateTime), 2, N'Nam       ')
INSERT [dbo].[KhachHang] ([MaKH], [HoTen], [Email], [Password], [SDT], [DiaChi], [ThanhPho], [NgayTao], [Quyen], [GioiTinh]) VALUES (41, N'NGUYỄN ĐÌNH PHÚ', N'ktdtciri@gmail.com', N'1', N'0913901768', N'Nhà số 6, tổ 20, phường Tân Thịnh, thành phố Hòa Bình, tỉnh Hòa Bình', N'Hà Nội', CAST(N'2022-12-16T00:00:00.000' AS DateTime), 2, N'Nam       ')
INSERT [dbo].[KhachHang] ([MaKH], [HoTen], [Email], [Password], [SDT], [DiaChi], [ThanhPho], [NgayTao], [Quyen], [GioiTinh]) VALUES (42, N'PHẠM THỊ THÚY HÀ', N'maininh59@gmail.com', N'1', N'0901367378', N'Số nhà 18, ngõ 83, đường Ngọc Hồi, phường Hoàng Liệt, quận Hoàng Mai ', N'Hà Nội', CAST(N'2022-12-17T00:00:00.000' AS DateTime), 2, N'Nữ        ')
INSERT [dbo].[KhachHang] ([MaKH], [HoTen], [Email], [Password], [SDT], [DiaChi], [ThanhPho], [NgayTao], [Quyen], [GioiTinh]) VALUES (43, N'BÙI THỊ BÍCH VÂN', N'thanh.huong_nguyen@gmail.com', N'1', N'0902491904', N'P6 tầng 8, chung cư cao tầng Trung Yên I, phường Trung Hòa, quận Cầu Giấy ', N'Hà Nội', CAST(N'2022-12-18T00:00:00.000' AS DateTime), 2, N'Nữ        ')
INSERT [dbo].[KhachHang] ([MaKH], [HoTen], [Email], [Password], [SDT], [DiaChi], [ThanhPho], [NgayTao], [Quyen], [GioiTinh]) VALUES (44, N'TRỊNH THỊ MAI HỒNG', N'bengoclong@gmail.com', N'1', N'0845782848', N'Số 32, BT6 Dãy A, Đô Thị Văn Quán, phường Văn Quán, quận Hà Đông', N'Hà Nội', CAST(N'2022-12-19T00:00:00.000' AS DateTime), 2, N'Nữ        ')
INSERT [dbo].[KhachHang] ([MaKH], [HoTen], [Email], [Password], [SDT], [DiaChi], [ThanhPho], [NgayTao], [Quyen], [GioiTinh]) VALUES (45, N'NGUYỄN THỊ MAI NINH', N'Vutuongvi.0705@gmail.com', N'1', N'0909040749', N'Căn B0711 tầng 7 tòa B Tòa Sky City Tower, 88 Láng Hạ, quận Đống Đa ', N'Hà Nội', CAST(N'2022-12-20T00:00:00.000' AS DateTime), 2, N'Nữ        ')
INSERT [dbo].[KhachHang] ([MaKH], [HoTen], [Email], [Password], [SDT], [DiaChi], [ThanhPho], [NgayTao], [Quyen], [GioiTinh]) VALUES (46, N'NGUYỄN THANH HƯƠNG', N'tranhdonghd@gmail.com', N'1', N'0912340619', N'Số 36, phố Kim Hoa, phường Phương Liên, quận Đống Đa ', N'Hà Nội', CAST(N'2022-12-21T00:00:00.000' AS DateTime), 2, N'Nữ        ')
INSERT [dbo].[KhachHang] ([MaKH], [HoTen], [Email], [Password], [SDT], [DiaChi], [ThanhPho], [NgayTao], [Quyen], [GioiTinh]) VALUES (47, N'BẾ NGỌC LONG', N'dung@bross.vn.', N'1', N'0919016339', N'Lương Hồng Minh, R2B 1621 Royal City, 72 Nguyễn Trãi, Thanh Xuân', N'Hà Nội', CAST(N'2022-12-22T00:00:00.000' AS DateTime), 2, N'Nam       ')
INSERT [dbo].[KhachHang] ([MaKH], [HoTen], [Email], [Password], [SDT], [DiaChi], [ThanhPho], [NgayTao], [Quyen], [GioiTinh]) VALUES (48, N'VŨ TƯỜNG VI', N'quachlananh1@gmail.com', N'1', N'0989552128', N'17 ngách 16/64 phố Hoàng Cầu, phường Ô Chợ Dừa, quận Đống Đa ', N'Hà Nội', CAST(N'2022-12-23T00:00:00.000' AS DateTime), 2, N'Nữ        ')
INSERT [dbo].[KhachHang] ([MaKH], [HoTen], [Email], [Password], [SDT], [DiaChi], [ThanhPho], [NgayTao], [Quyen], [GioiTinh]) VALUES (49, N'PHẠM THỊ HẢI', N'phamhuyen1107@gmail.com', N'1', N'0918931191', N'Cục Quản Trị - Văn phòng Quốc Hội, 22 Hùng Vương, Ba Đình', N'Hà Nội', CAST(N'2022-12-24T00:00:00.000' AS DateTime), 2, N'Nữ        ')
INSERT [dbo].[KhachHang] ([MaKH], [HoTen], [Email], [Password], [SDT], [DiaChi], [ThanhPho], [NgayTao], [Quyen], [GioiTinh]) VALUES (50, N'HOÀNG VĂN DŨNG', N'tienthanh@gmail.com', N'1', N'0773792966', N'Tổ 13, phường Mai Động, quận Hoàng Mai', N'Hà Nội', CAST(N'2022-12-25T00:00:00.000' AS DateTime), 2, N'Nam       ')
INSERT [dbo].[KhachHang] ([MaKH], [HoTen], [Email], [Password], [SDT], [DiaChi], [ThanhPho], [NgayTao], [Quyen], [GioiTinh]) VALUES (51, N'Trần Việt', N'tranvietc4215@gmail.com', N'123456', N'0856569122', NULL, NULL, CAST(N'2022-12-05T17:11:49.077' AS DateTime), 0, N'Nam       ')
INSERT [dbo].[KhachHang] ([MaKH], [HoTen], [Email], [Password], [SDT], [DiaChi], [ThanhPho], [NgayTao], [Quyen], [GioiTinh]) VALUES (52, N'HÀ THU', N'Hathu555@gmail.com', N'1', N'0894346754', N'aaa', NULL, CAST(N'2022-12-05T17:13:59.017' AS DateTime), 0, N'Nam       ')
INSERT [dbo].[KhachHang] ([MaKH], [HoTen], [Email], [Password], [SDT], [DiaChi], [ThanhPho], [NgayTao], [Quyen], [GioiTinh]) VALUES (54, N'TRẦN VIỆT', N'viet@gmail.com', N'1', N'0856569256', N'Hà Nội', NULL, CAST(N'2022-12-11T19:55:39.367' AS DateTime), 0, N'Nam       ')
SET IDENTITY_INSERT [dbo].[KhachHang] OFF
GO
SET IDENTITY_INSERT [dbo].[KhuyenMai] ON 

INSERT [dbo].[KhuyenMai] ([MaKM], [TenKM], [NgayBD], [NgayKT], [PhanTramKM], [DinhMuc], [ToiDa]) VALUES (1, N'Black Friday', CAST(N'2022-11-20T00:00:00.000' AS DateTime), CAST(N'2022-11-26T00:00:00.000' AS DateTime), 0.1, 50000000, 10000000)
INSERT [dbo].[KhuyenMai] ([MaKM], [TenKM], [NgayBD], [NgayKT], [PhanTramKM], [DinhMuc], [ToiDa]) VALUES (2, N'Cyber Monday', CAST(N'2022-11-26T00:00:00.000' AS DateTime), CAST(N'2022-11-29T00:00:00.000' AS DateTime), 0.2, 2000000, 1000000)
INSERT [dbo].[KhuyenMai] ([MaKM], [TenKM], [NgayBD], [NgayKT], [PhanTramKM], [DinhMuc], [ToiDa]) VALUES (3, N'Valentine ', CAST(N'2022-02-13T00:00:00.000' AS DateTime), CAST(N'2022-02-15T00:00:00.000' AS DateTime), 0.15, 3000000, 900000)
INSERT [dbo].[KhuyenMai] ([MaKM], [TenKM], [NgayBD], [NgayKT], [PhanTramKM], [DinhMuc], [ToiDa]) VALUES (4, N'Christmas', CAST(N'2022-12-20T00:00:00.000' AS DateTime), CAST(N'2022-12-26T00:00:00.000' AS DateTime), 0.1, 1000000, 1500000)
INSERT [dbo].[KhuyenMai] ([MaKM], [TenKM], [NgayBD], [NgayKT], [PhanTramKM], [DinhMuc], [ToiDa]) VALUES (5, N'Quốc Khánh 2/9', CAST(N'2023-09-01T00:00:00.000' AS DateTime), CAST(N'2023-03-09T00:00:00.000' AS DateTime), 0.25, 15000000, 4000000)
INSERT [dbo].[KhuyenMai] ([MaKM], [TenKM], [NgayBD], [NgayKT], [PhanTramKM], [DinhMuc], [ToiDa]) VALUES (6, N'Tết Nguyên Đán', CAST(N'2023-01-15T00:00:00.000' AS DateTime), CAST(N'2023-01-22T00:00:00.000' AS DateTime), 0.05, 10000000, 200000)
SET IDENTITY_INSERT [dbo].[KhuyenMai] OFF
GO
SET IDENTITY_INSERT [dbo].[NhanVien] ON 

INSERT [dbo].[NhanVien] ([MaNV], [HoTen], [Email], [Password], [SDT], [DiaChi], [ThanhPho], [NgayTao], [Quyen], [GioiTinh]) VALUES (1, N'Trần Thanh Hiếu', N'tthieu@gmail.com', N'nv001login', N'0946910406', N'Dĩ An', N'Bình Dương', CAST(N'2022-11-16T00:00:00.000' AS DateTime), 1, N'Nam       ')
INSERT [dbo].[NhanVien] ([MaNV], [HoTen], [Email], [Password], [SDT], [DiaChi], [ThanhPho], [NgayTao], [Quyen], [GioiTinh]) VALUES (5, N'Nguyễn Hữu Hiệu', N'nhhieu@gmail.com', N'nv002login', N'0912847213', N'Quận 3', N'Hồ Chí Minh', CAST(N'2022-11-16T00:00:00.000' AS DateTime), 1, N'Nam       ')
INSERT [dbo].[NhanVien] ([MaNV], [HoTen], [Email], [Password], [SDT], [DiaChi], [ThanhPho], [NgayTao], [Quyen], [GioiTinh]) VALUES (6, N'Trần Ngọc Mỹ Phương', N'tnmphuong@gmail.com', N'nv003login', N'0164829841', N'Quận 8', N'Hồ Chí Minh', CAST(N'2022-11-16T00:00:00.000' AS DateTime), 1, N'Nữ        ')
INSERT [dbo].[NhanVien] ([MaNV], [HoTen], [Email], [Password], [SDT], [DiaChi], [ThanhPho], [NgayTao], [Quyen], [GioiTinh]) VALUES (7, N'Đoàn Tú Quỳnh', N'dtquynh@gmail.com', N'nv004login', N'0935817391', N'Dĩ An', N'Bình Dương', CAST(N'2022-11-16T00:00:00.000' AS DateTime), 1, N'Nữ        ')
INSERT [dbo].[NhanVien] ([MaNV], [HoTen], [Email], [Password], [SDT], [DiaChi], [ThanhPho], [NgayTao], [Quyen], [GioiTinh]) VALUES (8, N'Đinh Thị Ánh Nguyệt', N'dtanguyet@gmail.com', N'nv005login', N'0948192385', N'Dĩ An', N'Bình Dương', CAST(N'2022-11-16T00:00:00.000' AS DateTime), 1, N'Nữ        ')
SET IDENTITY_INSERT [dbo].[NhanVien] OFF
GO
SET IDENTITY_INSERT [dbo].[SanPham] ON 

INSERT [dbo].[SanPham] ([MaSP], [TenSP], [NSX], [ThuongHieu], [Gia], [TongSL], [HinhAnh], [MaDM], [ChiTiet]) VALUES (2, N'Bàn ăn 4 ghế ghỗ tần bì', N'Việt Nam', N'Dreamhouse', 11650000, 50, N'https://dreamhouse.com.vn/wp-content/uploads/2021/03/Ban-an-6-ghe-go-tan-bi-dep-va-hien-dai-T739-3.jpg', N'NTPA', N'<p>💌 THÔNG TIN SẢN PHẨM</p><p></p><ul><li>Chất liệu: gỗ tần bì</li><li>Xuất xứ: Việt Nam</li><li>Sản phẩm gồm 1 bàn ăn và 4 ghế phù hợp với gia đình</li><li>Thiết kế hiện đại</li></ul><p>💁🏻‍♀️ CHÚNG MÌNH CAM KẾT</p><p>🙌🏻 Sản phẩm đã kiểm tra kĩ càng, cẩn thận và tư vấn nhiệt tình trước khi gói hàng giao cho khách hàng</p><p>🙌🏻 Hoàn tiền nếu sản phẩm không giống với mô tả</p><p>🙌🏻 Chấp nhận đổi hàng khi sản phẩm không đúng với mô tả</p><p>🙌🏻 Giao hàng trên toàn quốc, nhận hàng trả tiền</p><p></p><p>🙌🏻 Đổi trả miễn phí trong vòng 24h</p><p>#banghego #banan #banan4ghe #noithatphongan #noithat</p><ul></ul>')
INSERT [dbo].[SanPham] ([MaSP], [TenSP], [NSX], [ThuongHieu], [Gia], [TongSL], [HinhAnh], [MaDM], [ChiTiet]) VALUES (3, N'Bộ bàn ăn 6 ghế ghỗ tự nhiên', N'Việt Nam', N'Dreamhouse', 5650000, 60, N'https://dreamhouse.com.vn/wp-content/uploads/2020/11/bo-ban-an-6-ghe-go-tu-nhien-t006-8.jpg', N'NTPA', N'<p>💌 THÔNG TIN SẢN PHẨM</p><p></p><ul><li>Chất liệu: gỗ cao su tự nhiên</li><li>Kích thước: 120 x 70 x 74cm(Dài x Rộng x Cao)</li><li>Xuất xứ: Việt Nam</li><li>Sản phẩm gồm 1 bàn ăn và 6 ghế phù hợp với gia đình</li><li>Thiết kế hiện đại</li></ul><p>💁🏻‍♀️ CHÚNG MÌNH CAM KẾT</p><p>🙌🏻 Sản phẩm đã kiểm tra kĩ càng, cẩn thận và tư vấn nhiệt tình trước khi gói hàng giao cho khách hàng</p><p>🙌🏻 Hoàn tiền nếu sản phẩm không giống với mô tả</p><p>🙌🏻 Chấp nhận đổi hàng khi sản phẩm không đúng với mô tả</p><p>🙌🏻 Giao hàng trên toàn quốc, nhận hàng trả tiền</p><p></p><p>🙌🏻 Đổi trả miễn phí trong vòng 24h</p><p>#banghego #banghegotunhien #banan #banan6ghe #noithatphongan #noithat</p><ul></ul>')
INSERT [dbo].[SanPham] ([MaSP], [TenSP], [NSX], [ThuongHieu], [Gia], [TongSL], [HinhAnh], [MaDM], [ChiTiet]) VALUES (4, N'Bộ bàn ăn mặt đá 4 ghế grace', N'Việt Nam', N'Dreamhouse', 8900000, 67, N'https://dreamhouse.com.vn/wp-content/uploads/2020/02/Bo-ban-an-4-ghe-mat-da-BA6329-1.jpg', N'NTPA', N'<p>💌 THÔNG TIN SẢN PHẨM</p><p></p><ul><li>Chất liệu: mặt bàn đá hoạ tiết vân mây, chân bàn gỗ sồi. Ghế gỗ sồi</li><li>Kích thước: 120 x 80cm(Dài x Rộng)</li><li>Xuất xứ: Việt Nam</li><li>Sản phẩm gồm 1 bàn ăn và 4 ghế phù hợp với gia đình</li><li>Thiết kế hiện đại</li></ul><p>💁🏻‍♀️ CHÚNG MÌNH CAM KẾT</p><p>🙌🏻 Sản phẩm đã kiểm tra kĩ càng, cẩn thận và tư vấn nhiệt tình trước khi gói hàng giao cho khách hàng</p><p>🙌🏻 Hoàn tiền nếu sản phẩm không giống với mô tả</p><p>🙌🏻 Chấp nhận đổi hàng khi sản phẩm không đúng với mô tả</p><p>🙌🏻 Giao hàng trên toàn quốc, nhận hàng trả tiền</p><p></p><p>🙌🏻 Đổi trả miễn phí trong vòng 24h</p><p>#bananmatdagrace #banan #banan4ghe #noithatphongan #noithat</p><ul></ul>')
INSERT [dbo].[SanPham] ([MaSP], [TenSP], [NSX], [ThuongHieu], [Gia], [TongSL], [HinhAnh], [MaDM], [ChiTiet]) VALUES (5, N'Bộ bàn ăn Venice', N'Việt Nam', N'Baya', 16900000, 58, N'https://baya.vn/media/catalog/product/cache/26ca5c7013acde829a5e76d2852b1d14/6/0/6000164.jpg', N'NTPA', N'<p>💌 THÔNG TIN SẢN PHẨM</p><p></p><ul><li>Chất liệu: gỗ</li><li>Màu sắc: vàng</li><li>Xuất xứ: Việt Nam</li><li>Kích thước: 120 x 80cm(Dài x Rộng)</li><li>Sản phẩm gồm 1 bàn ăn và 6 ghế phù hợp với gia đình 6 người</li><li>Thiết kế sang trọng hiện đại</li></ul><p><span role="img" aria-label="💁🏻‍♀️" style="font-family:&quot;Apple Color Emoji&quot;,&quot;Segoe UI Emoji&quot;,NotoColorEmoji,&quot;Noto Color Emoji&quot;,&quot;Segoe UI Symbol&quot;,&quot;Android Emoji&quot;,EmojiSymbols;line-height:1em;white-space:nowrap;font-size:1em">💁🏻‍♀️</span> CHÚNG MÌNH CAM KẾT</p><p>🙌🏻 Sản phẩm đã kiểm tra kĩ càng, cẩn thận và tư vấn nhiệt tình trước khi gói hàng giao cho khách hàng</p><p>🙌🏻 Hoàn tiền nếu sản phẩm không giống với mô tả</p><p>🙌🏻 Chấp nhận đổi hàng khi sản phẩm không đúng với mô tả</p><p>🙌🏻 Giao hàng trên toàn quốc, nhận hàng trả tiền</p><p>🙌🏻 Đổi trả miễn phí trong vòng 24h</p><p>#banan6ghe #bananVenice #noithat #noithatphongan</p><p><br></p><ul></ul>')
INSERT [dbo].[SanPham] ([MaSP], [TenSP], [NSX], [ThuongHieu], [Gia], [TongSL], [HinhAnh], [MaDM], [ChiTiet]) VALUES (6, N'Bộ bàn ăn 4 ghế Braven', N'Việt Nam', N'Baya', 7490000, 70, N'https://baya.vn/media/catalog/product/cache/a87c63fd4e95b1606c03c9c7999fa76e/b/a/baya---combo---braven---dining---table.jpg', N'NTPA', N'<p>💌 THÔNG TIN SẢN PHẨM</p><p></p><ul><li>Chất liệu: gỗ cao su tự nhiên</li><li>Mặt bàn: HDF nhập khẩu Malaysia chống trầy, chống ẩm</li><li>Ghế ngồi bọc đệm Simili cao cấp</li><li>Màu sắc: vàng, nâu</li><li>Xuất xứ: Việt Nam</li><li>Kích thước: 120 x 80 x 75cm(Dài x Rộng x Cao)</li><li>Sản phẩm gồm 1 bàn ăn và 4 ghế phù hợp với gia đình 4 người</li><li>Thiết kế sang trọng hiện đại</li></ul><p><span role="img" aria-label="💁🏻‍♀️" style="font-family:&quot;Apple Color Emoji&quot;,&quot;Segoe UI Emoji&quot;,NotoColorEmoji,&quot;Noto Color Emoji&quot;,&quot;Segoe UI Symbol&quot;,&quot;Android Emoji&quot;,EmojiSymbols;line-height:1em;white-space:nowrap;font-size:1em">💁🏻‍♀️</span> CHÚNG MÌNH CAM KẾT</p><p>🙌🏻 Sản phẩm đã kiểm tra kĩ càng, cẩn thận và tư vấn nhiệt tình trước khi gói hàng giao cho khách hàng</p><p>🙌🏻 Hoàn tiền nếu sản phẩm không giống với mô tả</p><p>🙌🏻 Chấp nhận đổi hàng khi sản phẩm không đúng với mô tả</p><p>🙌🏻 Giao hàng trên toàn quốc, nhận hàng trả tiền</p><p>🙌🏻 Đổi trả miễn phí trong vòng 24h</p><p>#banan4ghe #bananBraven #noithat #noithatphongan</p><p><br></p><ul></ul>')
INSERT [dbo].[SanPham] ([MaSP], [TenSP], [NSX], [ThuongHieu], [Gia], [TongSL], [HinhAnh], [MaDM], [ChiTiet]) VALUES (7, N'Bàn ăn Bianca', N'Việt Nam', N'Baya', 4490000, 55, N'https://baya.vn/media/catalog/product/cache/a87c63fd4e95b1606c03c9c7999fa76e/b/a/ban-an-bianca-4379-1-baya.vn.jpg', N'NTPA', N'<p>💌 THÔNG TIN SẢN PHẨM</p><p></p><ul><li>Chất liệu: gỗ cao su tự nhiên</li><li>Màu sắc: vàng</li><li>Xuất xứ: Việt Nam</li><li>Kích thước: 120 x 80 x 75cm(Dài x Rộng x Cao)</li><li>Sản phẩm gồm 1 bàn ăn có thể gấp gọn</li><li>Thiết kế tiện lợi để dùng trong không gian nhỏ</li></ul><p><span role="img" aria-label="💁🏻‍♀️" style="font-family:&quot;Apple Color Emoji&quot;,&quot;Segoe UI Emoji&quot;,NotoColorEmoji,&quot;Noto Color Emoji&quot;,&quot;Segoe UI Symbol&quot;,&quot;Android Emoji&quot;,EmojiSymbols;line-height:1em;white-space:nowrap;font-size:1em">💁🏻‍♀️</span> CHÚNG MÌNH CAM KẾT</p><p>🙌🏻 Sản phẩm đã kiểm tra kĩ càng, cẩn thận và tư vấn nhiệt tình trước khi gói hàng giao cho khách hàng</p><p>🙌🏻 Hoàn tiền nếu sản phẩm không giống với mô tả</p><p>🙌🏻 Chấp nhận đổi hàng khi sản phẩm không đúng với mô tả</p><p>🙌🏻 Giao hàng trên toàn quốc, nhận hàng trả tiền</p><p>🙌🏻 Đổi trả miễn phí trong vòng 24h</p><p>#banan #bananBianca #noithat #noithatphongan</p><p><br></p><ul></ul>')
INSERT [dbo].[SanPham] ([MaSP], [TenSP], [NSX], [ThuongHieu], [Gia], [TongSL], [HinhAnh], [MaDM], [ChiTiet]) VALUES (8, N'Tủ bát đĩa Clifton', N'Việt Nam', N'Baya', 6993000, 48, N'https://baya.vn/media/catalog/product/cache/a87c63fd4e95b1606c03c9c7999fa76e/P/A/PATERSON_Sideboard_UMA_1079005__1_.jpg', N'NTPA', N'<p>💌 THÔNG TIN SẢN PHẨM</p><p></p><ul><li>Chất liệu: gỗ cao su tự nhiên</li><li>Chất liệu gỗ chống ẩm, chống xước, dễ vệ sinh</li><li>Màu sắc: vàng nâu</li><li>Xuất xứ: Việt Nam</li><li>Kích thước: 120 x 35 x 80cm(Dài x Rộng x Cao)</li></ul><p><span role="img" aria-label="💁🏻‍♀️" style="font-family:&quot;Apple Color Emoji&quot;,&quot;Segoe UI Emoji&quot;,NotoColorEmoji,&quot;Noto Color Emoji&quot;,&quot;Segoe UI Symbol&quot;,&quot;Android Emoji&quot;,EmojiSymbols;line-height:1em;white-space:nowrap;font-size:1em">💁🏻‍♀️</span> CHÚNG MÌNH CAM KẾT</p><p>🙌🏻 Sản phẩm đã kiểm tra kĩ càng, cẩn thận và tư vấn nhiệt tình trước khi gói hàng giao cho khách hàng</p><p>🙌🏻 Hoàn tiền nếu sản phẩm không giống với mô tả</p><p>🙌🏻 Chấp nhận đổi hàng khi sản phẩm không đúng với mô tả</p><p>🙌🏻 Giao hàng trên toàn quốc, nhận hàng trả tiền</p><p>🙌🏻 Đổi trả miễn phí trong vòng 24h</p><p>#kebepdanang #noithat #noithatphongan</p><p><br></p><ul></ul>')
INSERT [dbo].[SanPham] ([MaSP], [TenSP], [NSX], [ThuongHieu], [Gia], [TongSL], [HinhAnh], [MaDM], [ChiTiet]) VALUES (9, N'Ghế ăn ghỗ cao su tự nhiên MOHO VERONA', N'Việt Nam', N'MoHo', 1090000, 80, N'https://product.hstatic.net/200000065946/product/pro_xanh_navy_noi_that_moho_ghe_an_go_verona_1_79071497474948718d6d35c4ad42bf66_grande.jpg', N'NTPA', N'<p>💌 THÔNG TIN SẢN PHẨM</p><p></p><ul><li>Chất liệu: gỗ cao su tự nhiên bọc da Simily</li><li>Màu sắc: vàng&nbsp;</li><li>Xuất xứ: Việt Nam</li><li>Kích thước: 45 x 45 x 80cm(Dài x Rộng x Cao)</li><li>Phù hợp cho: quán cafe, văn phòng, nhà ở,...</li></ul><p><span role="img" aria-label="💁🏻‍♀️" style="font-family:&quot;Apple Color Emoji&quot;,&quot;Segoe UI Emoji&quot;,NotoColorEmoji,&quot;Noto Color Emoji&quot;,&quot;Segoe UI Symbol&quot;,&quot;Android Emoji&quot;,EmojiSymbols;line-height:1em;white-space:nowrap;font-size:1em">💁🏻‍♀️</span> CHÚNG MÌNH CAM KẾT</p><p>🙌🏻 Sản phẩm đã kiểm tra kĩ càng, cẩn thận và tư vấn nhiệt tình trước khi gói hàng giao cho khách hàng</p><p>🙌🏻 Hoàn tiền nếu sản phẩm không giống với mô tả</p><p>🙌🏻 Chấp nhận đổi hàng khi sản phẩm không đúng với mô tả</p><p>🙌🏻 Giao hàng trên toàn quốc, nhận hàng trả tiền</p><p>🙌🏻 Đổi trả miễn phí trong vòng 24h</p><p>#kebepdanang #noithat #noithatphongan</p><p><br></p><ul></ul>')
INSERT [dbo].[SanPham] ([MaSP], [TenSP], [NSX], [ThuongHieu], [Gia], [TongSL], [HinhAnh], [MaDM], [ChiTiet]) VALUES (10, N'Bàn ăn ghỗ cao su tự nhiên MOHO VLINE', N'Việt Nam', N'MoHo', 3990000, 86, N'https://product.hstatic.net/200000065946/product/pro_nau_noi_that_moho_ban_an_vline_75cm_6_16fa8ca29a864401b32892bbabacead1_grande.jpg', N'NTPA', N'<p>💌 THÔNG TIN SẢN PHẨM</p><p></p><ul><li>Chất liệu: gỗ cao su, mặt bàn MDF phủ venner chống ẩm</li><li>Màu sắc: gỗ tự nhiên</li><li>Xuất xứ: Việt Nam</li><li>Kích thước: 120 x 75 x 75cm(Dài x Rộng x Cao)</li><li>Bàn ăn Moho Vline là dòng bàn ăn bán chạy nhất hiện nay, nét đẹp giản dị nhưng không kém phần sang trọng, hiện đại.</li></ul><p><span role="img" aria-label="💁🏻‍♀️" style="font-family:&quot;Apple Color Emoji&quot;,&quot;Segoe UI Emoji&quot;,NotoColorEmoji,&quot;Noto Color Emoji&quot;,&quot;Segoe UI Symbol&quot;,&quot;Android Emoji&quot;,EmojiSymbols;line-height:1em;white-space:nowrap;font-size:1em">💁🏻‍♀️</span> CHÚNG MÌNH CAM KẾT</p><p>🙌🏻 Sản phẩm đã kiểm tra kĩ càng, cẩn thận và tư vấn nhiệt tình trước khi gói hàng giao cho khách hàng</p><p>🙌🏻 Hoàn tiền nếu sản phẩm không giống với mô tả</p><p>🙌🏻 Chấp nhận đổi hàng khi sản phẩm không đúng với mô tả</p><p>🙌🏻 Giao hàng trên toàn quốc, nhận hàng trả tiền</p><p>🙌🏻 Đổi trả miễn phí trong vòng 24h</p><p>#banan #noithat #noithatphongan</p><p><br></p><ul></ul>')
INSERT [dbo].[SanPham] ([MaSP], [TenSP], [NSX], [ThuongHieu], [Gia], [TongSL], [HinhAnh], [MaDM], [ChiTiet]) VALUES (11, N'Giường ngủ bọc da', N'Việt Nam', N'Dreamhouse', 12600000, 58, N'https://dreamhouse.com.vn/wp-content/uploads/2021/11/giuong-ngu-boc-da-b896-title.jpg?ver=83', N'NTPN', N'<p>💌 THÔNG TIN SẢN PHẨM</p><p></p><ul><li>Chất liệu: gỗ Plywood</li><li>Chất liệu da: da tổng hợp chất lượng cao</li><li>Màu sắc: gỗ tự nhiên</li><li>Xuất xứ: Việt Nam</li><li>Kích thước đặt nệm: R1800 x D2000</li><li>Khung giường được làm bằng gỗ Plywood có khả năng chịu lực cực kỳ tốt. Gỗ đã qua quá trình tẩm sấy nghiêm ngặt sẽ không bị côn trùng hay mối mọt tấn công.</li></ul><p><span role="img" aria-label="💁🏻‍♀️" style="font-family:&quot;Apple Color Emoji&quot;,&quot;Segoe UI Emoji&quot;,NotoColorEmoji,&quot;Noto Color Emoji&quot;,&quot;Segoe UI Symbol&quot;,&quot;Android Emoji&quot;,EmojiSymbols;line-height:1em;white-space:nowrap;font-size:1em">💁🏻‍♀️</span> CHÚNG MÌNH CAM KẾT</p><p>🙌🏻 Sản phẩm đã kiểm tra kĩ càng, cẩn thận và tư vấn nhiệt tình trước khi gói hàng giao cho khách hàng</p><p>🙌🏻 Hoàn tiền nếu sản phẩm không giống với mô tả</p><p>🙌🏻 Chấp nhận đổi hàng khi sản phẩm không đúng với mô tả</p><p>🙌🏻 Giao hàng trên toàn quốc, nhận hàng trả tiền</p><p>🙌🏻 Đổi trả miễn phí trong vòng 24h</p><p>#giuongngu #noithat #noithatphongngu</p><p><br></p><ul></ul>')
INSERT [dbo].[SanPham] ([MaSP], [TenSP], [NSX], [ThuongHieu], [Gia], [TongSL], [HinhAnh], [MaDM], [ChiTiet]) VALUES (12, N'Giường nhủ bọc nỉ Indo', N'Việt Nam', N'Dreamhouse', 11900000, 48, N'https://dreamhouse.com.vn/wp-content/uploads/2020/10/giuong-ngu-boc-ni-indo-gn7757-tile.jpg?ver=83', N'NTPN', N'<p>💌 THÔNG TIN SẢN PHẨM</p><p></p><ul><li>Chất liệu: gỗ Plywood</li><li>Chất liệu da: da tổng hợp chất lượng cao</li><li>Màu sắc: gỗ tự nhiên</li><li>Xuất xứ: Việt Nam</li><li>Kích thước đặt nệm: R1800 x D2000</li><li>Khung giường được làm bằng gỗ Plywood có khả năng chịu lực cực kỳ tốt. Gỗ đã qua quá trình tẩm sấy nghiêm ngặt sẽ không bị côn trùng hay mối mọt tấn công.</li></ul><p><span role="img" aria-label="💁🏻‍♀️" style="font-family:&quot;Apple Color Emoji&quot;,&quot;Segoe UI Emoji&quot;,NotoColorEmoji,&quot;Noto Color Emoji&quot;,&quot;Segoe UI Symbol&quot;,&quot;Android Emoji&quot;,EmojiSymbols;line-height:1em;white-space:nowrap;font-size:1em">💁🏻‍♀️</span> CHÚNG MÌNH CAM KẾT</p><p>🙌🏻 Sản phẩm đã kiểm tra kĩ càng, cẩn thận và tư vấn nhiệt tình trước khi gói hàng giao cho khách hàng</p><p>🙌🏻 Hoàn tiền nếu sản phẩm không giống với mô tả</p><p>🙌🏻 Chấp nhận đổi hàng khi sản phẩm không đúng với mô tả</p><p>🙌🏻 Giao hàng trên toàn quốc, nhận hàng trả tiền</p><p>🙌🏻 Đổi trả miễn phí trong vòng 24h</p><p>#giuongngu #noithat #noithatphongngu</p><p><br></p><ul></ul>')
INSERT [dbo].[SanPham] ([MaSP], [TenSP], [NSX], [ThuongHieu], [Gia], [TongSL], [HinhAnh], [MaDM], [ChiTiet]) VALUES (13, N'Tủ đầu giường gỗ MOHO VIENNA', N'Việt Nam', N'MoHo', 1190000, 66, N'https://product.hstatic.net/200000065946/product/pro_mau_tu_nhien_noi_that_moho_tu_dau_giuong_vienna_1_ec62678e4488474cbe84fe001dfd1d6d_master.jpg', N'NTPN', N'<p>💌 THÔNG TIN SẢN PHẨM</p><p></p><ul><li>Chất liệu: gỗ ép MDF</li><li>Thiết kế: 2 ngăn kéo</li><li>Màu sắc: vân gỗ</li><li>Xuất xứ: Việt Nam</li><li>Kích thước đặt nệm: 40 x 40 x26</li><li>Mặt gỗ MDF phủ Melamin, chân gỗ tự nhiên sơn chống mốc, chống mối mọt ẩm mốc và không có bụi gỗ gây ảnh hưởng đến sức khoẻ.</li></ul><p><span role="img" aria-label="💁🏻‍♀️" style="font-family:&quot;Apple Color Emoji&quot;,&quot;Segoe UI Emoji&quot;,NotoColorEmoji,&quot;Noto Color Emoji&quot;,&quot;Segoe UI Symbol&quot;,&quot;Android Emoji&quot;,EmojiSymbols;line-height:1em;white-space:nowrap;font-size:1em">💁🏻‍♀️</span> CHÚNG MÌNH CAM KẾT</p><p>🙌🏻 Sản phẩm đã kiểm tra kĩ càng, cẩn thận và tư vấn nhiệt tình trước khi gói hàng giao cho khách hàng</p><p>🙌🏻 Hoàn tiền nếu sản phẩm không giống với mô tả</p><p>🙌🏻 Chấp nhận đổi hàng khi sản phẩm không đúng với mô tả</p><p>🙌🏻 Giao hàng trên toàn quốc, nhận hàng trả tiền</p><p>🙌🏻 Đổi trả miễn phí trong vòng 24h</p><p>#tugo #tudaugiuong #noithat #noithatphongngu</p><p><br></p><ul></ul>')
INSERT [dbo].[SanPham] ([MaSP], [TenSP], [NSX], [ThuongHieu], [Gia], [TongSL], [HinhAnh], [MaDM], [ChiTiet]) VALUES (14, N'Tủ đầu giường gỗ mây mắt cáo MOHO FIJI', N'Việt Nam', N'MoHo', 1990000, 78, N'https://product.hstatic.net/200000065946/product/pro_nau_noi_that_moho_tu_dau_giuong_fiji_1_0572fbe2e7d74966bbcccba2e31329aa_grande.jpg', N'NTPN', N'<p>💌 THÔNG TIN SẢN PHẨM</p><p></p><ul><li>Chất liệu: gỗ ép MDF</li><li>Thiết kế: 2 ngăn kéo</li><li>Màu sắc: vân gỗ</li><li>Xuất xứ: Việt Nam</li><li>Kích thước đặt nệm: 40 x 40 x26</li><li>Mặt gỗ MDF phủ Melamin, chân gỗ tự nhiên sơn chống mốc, chống mối mọt ẩm mốc và không có bụi gỗ gây ảnh hưởng đến sức khoẻ.</li></ul><p><span role="img" aria-label="💁🏻‍♀️" style="font-family:&quot;Apple Color Emoji&quot;,&quot;Segoe UI Emoji&quot;,NotoColorEmoji,&quot;Noto Color Emoji&quot;,&quot;Segoe UI Symbol&quot;,&quot;Android Emoji&quot;,EmojiSymbols;line-height:1em;white-space:nowrap;font-size:1em">💁🏻‍♀️</span> CHÚNG MÌNH CAM KẾT</p><p>🙌🏻 Sản phẩm đã kiểm tra kĩ càng, cẩn thận và tư vấn nhiệt tình trước khi gói hàng giao cho khách hàng</p><p>🙌🏻 Hoàn tiền nếu sản phẩm không giống với mô tả</p><p>🙌🏻 Chấp nhận đổi hàng khi sản phẩm không đúng với mô tả</p><p>🙌🏻 Giao hàng trên toàn quốc, nhận hàng trả tiền</p><p>🙌🏻 Đổi trả miễn phí trong vòng 24h</p><p>#tugo #tudaugiuong #noithat #noithatphongngu</p><p><br></p><ul></ul>')
INSERT [dbo].[SanPham] ([MaSP], [TenSP], [NSX], [ThuongHieu], [Gia], [TongSL], [HinhAnh], [MaDM], [ChiTiet]) VALUES (15, N'Tủ quần áo gỗ thanh treo MOHO VIENNA tay nắm', N'Việt Nam', N'MoHo', 3290000, 68, N'https://product.hstatic.net/200000065946/product/pro_mau_tu_nhien_phoi_trang_noi_that_moho_tu_quan_ao_vienna_2_8396ce2916c443628e113ddff27172be_master.jpg', N'NTPN', N'<p>💌 THÔNG TIN SẢN PHẨM</p><p></p><ul><li>Chất liệu: gỗ công nghiệp cao cấp phủ Melamin chống xước</li><li>Thiết kế: 2 ngăn kéo</li><li>Màu sắc: vân gỗ</li><li>Xuất xứ: Việt Nam</li><li>Kích thước đặt nệm: 40 x 40 x170cm</li><li>Mặt gỗ MDF phủ Melamin, chân gỗ tự nhiên sơn chống mốc, chống mối mọt ẩm mốc và không có bụi gỗ gây ảnh hưởng đến sức khoẻ.</li></ul><p><span role="img" aria-label="💁🏻‍♀️" style="font-family:&quot;Apple Color Emoji&quot;,&quot;Segoe UI Emoji&quot;,NotoColorEmoji,&quot;Noto Color Emoji&quot;,&quot;Segoe UI Symbol&quot;,&quot;Android Emoji&quot;,EmojiSymbols;line-height:1em;white-space:nowrap;font-size:1em">💁🏻‍♀️</span> CHÚNG MÌNH CAM KẾT</p><p>🙌🏻 Sản phẩm đã kiểm tra kĩ càng, cẩn thận và tư vấn nhiệt tình trước khi gói hàng giao cho khách hàng</p><p>🙌🏻 Hoàn tiền nếu sản phẩm không giống với mô tả</p><p>🙌🏻 Chấp nhận đổi hàng khi sản phẩm không đúng với mô tả</p><p>🙌🏻 Giao hàng trên toàn quốc, nhận hàng trả tiền</p><p>🙌🏻 Đổi trả miễn phí trong vòng 24h</p><p>#tugo #tudaugiuong #noithat #noithatphongngu</p><p><br></p><ul></ul>')
INSERT [dbo].[SanPham] ([MaSP], [TenSP], [NSX], [ThuongHieu], [Gia], [TongSL], [HinhAnh], [MaDM], [ChiTiet]) VALUES (16, N'Tủ Quần Áo Gỗ 2 Cánh MOHO VIENNA', N'Việt Nam', N'MoHo', 5490000, 79, N'https://product.hstatic.net/200000065946/product/pro_go_phoi_trang_tu_quan_ao_vienna_2_canh_1_29bd4c98ac0c4cf68eb3ca444e7e1c22_master.jpg', N'NTPN', N'<p>💌 THÔNG TIN SẢN PHẨM</p><p></p><ul><li>Chất liệu: gỗ công nghiệp cao cấp phủ Melamin chống xước</li><li>Thiết kế: 2 ngăn kéo</li><li>Màu sắc: vân gỗ</li><li>Xuất xứ: Việt Nam</li><li>Kích thước đặt nệm: 40 x 40 x170cm</li><li>Mặt gỗ MDF phủ Melamin, chân gỗ tự nhiên sơn chống mốc, chống mối mọt ẩm mốc và không có bụi gỗ gây ảnh hưởng đến sức khoẻ.</li></ul><p><span role="img" aria-label="💁🏻‍♀️" style="font-family:&quot;Apple Color Emoji&quot;,&quot;Segoe UI Emoji&quot;,NotoColorEmoji,&quot;Noto Color Emoji&quot;,&quot;Segoe UI Symbol&quot;,&quot;Android Emoji&quot;,EmojiSymbols;line-height:1em;white-space:nowrap;font-size:1em">💁🏻‍♀️</span> CHÚNG MÌNH CAM KẾT</p><p>🙌🏻 Sản phẩm đã kiểm tra kĩ càng, cẩn thận và tư vấn nhiệt tình trước khi gói hàng giao cho khách hàng</p><p>🙌🏻 Hoàn tiền nếu sản phẩm không giống với mô tả</p><p>🙌🏻 Chấp nhận đổi hàng khi sản phẩm không đúng với mô tả</p><p>🙌🏻 Giao hàng trên toàn quốc, nhận hàng trả tiền</p><p>🙌🏻 Đổi trả miễn phí trong vòng 24h</p><p>#tugo #tuquanao #noithat #noithatphongngu</p><p><br></p><ul></ul>')
INSERT [dbo].[SanPham] ([MaSP], [TenSP], [NSX], [ThuongHieu], [Gia], [TongSL], [HinhAnh], [MaDM], [ChiTiet]) VALUES (17, N'Bàn Trang Điểm Gỗ Đa Năng MOHO VIENNA', N'Việt Nam', N'MoHo', 3990000, 68, N'https://product.hstatic.net/200000065946/product/pro_mau_tu_nhien_noi_that_moho_combo_ban_va_guong_trang_diem_2_951e4eb74080461aa947ab14bf1a344c_master.jpg', N'NTPN', N'<p>💌 THÔNG TIN SẢN PHẨM</p><p></p><ul><li>Chất liệu: gỗ công nghiệp cao cấp phủ Melamin chống xước</li><li>Thiết kế: 2 ngăn kéo</li><li>Màu sắc: vân gỗ</li><li>Xuất xứ: Việt Nam</li><li>Kích thước đặt nệm: 40 x 40 x170cm</li><li>Mặt gỗ MDF phủ Melamin, chân gỗ tự nhiên sơn chống mốc, chống mối mọt ẩm mốc và không có bụi gỗ gây ảnh hưởng đến sức khoẻ.</li></ul><p><span role="img" aria-label="💁🏻‍♀️" style="font-family:&quot;Apple Color Emoji&quot;,&quot;Segoe UI Emoji&quot;,NotoColorEmoji,&quot;Noto Color Emoji&quot;,&quot;Segoe UI Symbol&quot;,&quot;Android Emoji&quot;,EmojiSymbols;line-height:1em;white-space:nowrap;font-size:1em">💁🏻‍♀️</span> CHÚNG MÌNH CAM KẾT</p><p>🙌🏻 Sản phẩm đã kiểm tra kĩ càng, cẩn thận và tư vấn nhiệt tình trước khi gói hàng giao cho khách hàng</p><p>🙌🏻 Hoàn tiền nếu sản phẩm không giống với mô tả</p><p>🙌🏻 Chấp nhận đổi hàng khi sản phẩm không đúng với mô tả</p><p>🙌🏻 Giao hàng trên toàn quốc, nhận hàng trả tiền</p><p>🙌🏻 Đổi trả miễn phí trong vòng 24h</p><p>#tugo #tuquanao #noithat #noithatphongngu</p><p><br></p><ul></ul>')
INSERT [dbo].[SanPham] ([MaSP], [TenSP], [NSX], [ThuongHieu], [Gia], [TongSL], [HinhAnh], [MaDM], [ChiTiet]) VALUES (18, N'Bàn Trang Điểm CARINE', N'Việt Nam', N'Baya', 5592000, 57, N'https://baya.vn/media/catalog/product/cache/26ca5c7013acde829a5e76d2852b1d14/c/a/carine_dressing_table_baya_5273.jpg', N'NTPN', N'<p>💌 THÔNG TIN SẢN PHẨM</p><p></p><ul><li>Chất liệu: gỗ công nghiệp cao cấp phủ Melamin chống xước</li><li>Thiết kế: 2 ngăn kéo</li><li>Màu sắc: vân gỗ</li><li>Xuất xứ: Việt Nam</li><li>Kích thước đặt nệm: 40 x 40 x170cm</li><li>Mặt gỗ MDF phủ Melamin, chân gỗ tự nhiên sơn chống mốc, chống mối mọt ẩm mốc và không có bụi gỗ gây ảnh hưởng đến sức khoẻ.</li></ul><p><span role="img" aria-label="💁🏻‍♀️" style="font-family:&quot;Apple Color Emoji&quot;,&quot;Segoe UI Emoji&quot;,NotoColorEmoji,&quot;Noto Color Emoji&quot;,&quot;Segoe UI Symbol&quot;,&quot;Android Emoji&quot;,EmojiSymbols;line-height:1em;white-space:nowrap;font-size:1em">💁🏻‍♀️</span> CHÚNG MÌNH CAM KẾT</p><p>🙌🏻 Sản phẩm đã kiểm tra kĩ càng, cẩn thận và tư vấn nhiệt tình trước khi gói hàng giao cho khách hàng</p><p>🙌🏻 Hoàn tiền nếu sản phẩm không giống với mô tả</p><p>🙌🏻 Chấp nhận đổi hàng khi sản phẩm không đúng với mô tả</p><p>🙌🏻 Giao hàng trên toàn quốc, nhận hàng trả tiền</p><p>🙌🏻 Đổi trả miễn phí trong vòng 24h</p><p>#tugo #tuquanao #noithat #noithatphongngu</p><p><br></p><ul></ul>')
INSERT [dbo].[SanPham] ([MaSP], [TenSP], [NSX], [ThuongHieu], [Gia], [TongSL], [HinhAnh], [MaDM], [ChiTiet]) VALUES (19, N'Tủ đầu giường ICONICO', N'Việt Nam', N'Baya', 2490000, 57, N'https://baya.vn/media/catalog/product/cache/a87c63fd4e95b1606c03c9c7999fa76e/2/0/2000954.jpg', N'NTPN', N'<p>💌 THÔNG TIN SẢN PHẨM</p><p></p><ul><li>Chất liệu: gỗ ép MDF</li><li>Thiết kế: 2 ngăn kéo</li><li>Màu sắc: vân gỗ</li><li>Xuất xứ: Việt Nam</li><li>Kích thước đặt nệm: 40 x 40 x26</li><li>Mặt gỗ MDF phủ Melamin, chân gỗ tự nhiên sơn chống mốc, chống mối mọt ẩm mốc và không có bụi gỗ gây ảnh hưởng đến sức khoẻ.</li></ul><p><span role="img" aria-label="💁🏻‍♀️" style="font-family:&quot;Apple Color Emoji&quot;,&quot;Segoe UI Emoji&quot;,NotoColorEmoji,&quot;Noto Color Emoji&quot;,&quot;Segoe UI Symbol&quot;,&quot;Android Emoji&quot;,EmojiSymbols;line-height:1em;white-space:nowrap;font-size:1em">💁🏻‍♀️</span> CHÚNG MÌNH CAM KẾT</p><p>🙌🏻 Sản phẩm đã kiểm tra kĩ càng, cẩn thận và tư vấn nhiệt tình trước khi gói hàng giao cho khách hàng</p><p>🙌🏻 Hoàn tiền nếu sản phẩm không giống với mô tả</p><p>🙌🏻 Chấp nhận đổi hàng khi sản phẩm không đúng với mô tả</p><p>🙌🏻 Giao hàng trên toàn quốc, nhận hàng trả tiền</p><p>🙌🏻 Đổi trả miễn phí trong vòng 24h</p><p>#tugo #tudaugiuong #noithat #noithatphongngu</p><p><br></p><ul></ul>')
INSERT [dbo].[SanPham] ([MaSP], [TenSP], [NSX], [ThuongHieu], [Gia], [TongSL], [HinhAnh], [MaDM], [ChiTiet]) VALUES (20, N'Tủ đầu giường CHESTER', N'Việt Nam', N'Baya', 2392000, 79, N'https://baya.vn/media/catalog/product/cache/a87c63fd4e95b1606c03c9c7999fa76e/c/h/chester_bedside_table_baya_5340.jpg', N'NTPN', N'<p>💌 THÔNG TIN SẢN PHẨM</p><p></p><ul><li>Chất liệu: gỗ ép MDF</li><li>Thiết kế: 2 ngăn kéo</li><li>Màu sắc: vân gỗ</li><li>Xuất xứ: Việt Nam</li><li>Kích thước đặt nệm: 40 x 40 x26</li><li>Mặt gỗ MDF phủ Melamin, chân gỗ tự nhiên sơn chống mốc, chống mối mọt ẩm mốc và không có bụi gỗ gây ảnh hưởng đến sức khoẻ.</li></ul><p><span role="img" aria-label="💁🏻‍♀️" style="font-family:&quot;Apple Color Emoji&quot;,&quot;Segoe UI Emoji&quot;,NotoColorEmoji,&quot;Noto Color Emoji&quot;,&quot;Segoe UI Symbol&quot;,&quot;Android Emoji&quot;,EmojiSymbols;line-height:1em;white-space:nowrap;font-size:1em">💁🏻‍♀️</span> CHÚNG MÌNH CAM KẾT</p><p>🙌🏻 Sản phẩm đã kiểm tra kĩ càng, cẩn thận và tư vấn nhiệt tình trước khi gói hàng giao cho khách hàng</p><p>🙌🏻 Hoàn tiền nếu sản phẩm không giống với mô tả</p><p>🙌🏻 Chấp nhận đổi hàng khi sản phẩm không đúng với mô tả</p><p>🙌🏻 Giao hàng trên toàn quốc, nhận hàng trả tiền</p><p>🙌🏻 Đổi trả miễn phí trong vòng 24h</p><p>#tugo #tudaugiuong #noithat #noithatphongngu</p><p><br></p><ul></ul>')
INSERT [dbo].[SanPham] ([MaSP], [TenSP], [NSX], [ThuongHieu], [Gia], [TongSL], [HinhAnh], [MaDM], [ChiTiet]) VALUES (21, N'Giường Ngủ Gỗ Tràm MOHO MALAGA', N'Việt Nam', N'MoHo', 2790000, 49, N'https://product.hstatic.net/200000065946/product/pro_nau_noi_that_moho_giuong_ngu_go_tram_malaga_tam_phan_301_1f82d772707d496ea023450a8ffa42c4_master.jpg', N'NTPN', N'<p>💌 THÔNG TIN SẢN PHẨM</p><p></p><ul><li>Chất liệu: gỗ Plywood</li><li>Chất liệu da: da tổng hợp chất lượng cao</li><li>Màu sắc: gỗ tự nhiên</li><li>Xuất xứ: Việt Nam</li><li>Kích thước đặt nệm: R1800 x D2000</li><li>Khung giường được làm bằng gỗ Plywood có khả năng chịu lực cực kỳ tốt. Gỗ đã qua quá trình tẩm sấy nghiêm ngặt sẽ không bị côn trùng hay mối mọt tấn công.</li></ul><p><span role="img" aria-label="💁🏻‍♀️" style="font-family:&quot;Apple Color Emoji&quot;,&quot;Segoe UI Emoji&quot;,NotoColorEmoji,&quot;Noto Color Emoji&quot;,&quot;Segoe UI Symbol&quot;,&quot;Android Emoji&quot;,EmojiSymbols;line-height:1em;white-space:nowrap;font-size:1em">💁🏻‍♀️</span> CHÚNG MÌNH CAM KẾT</p><p>🙌🏻 Sản phẩm đã kiểm tra kĩ càng, cẩn thận và tư vấn nhiệt tình trước khi gói hàng giao cho khách hàng</p><p>🙌🏻 Hoàn tiền nếu sản phẩm không giống với mô tả</p><p>🙌🏻 Chấp nhận đổi hàng khi sản phẩm không đúng với mô tả</p><p>🙌🏻 Giao hàng trên toàn quốc, nhận hàng trả tiền</p><p>🙌🏻 Đổi trả miễn phí trong vòng 24h</p><p>#giuongngu #noithat #noithatphongngu</p><p><br></p><ul></ul>')
INSERT [dbo].[SanPham] ([MaSP], [TenSP], [NSX], [ThuongHieu], [Gia], [TongSL], [HinhAnh], [MaDM], [ChiTiet]) VALUES (22, N'Tủ gắn tường phòng tắm EDEN', N'Việt Nam', N'Baya', 699300, 70, N'https://baya.vn/media/catalog/product/cache/a87c63fd4e95b1606c03c9c7999fa76e/t/u/tu-gan-tuong-eden-1014945-1-baya.vn.jpg', N'NTPT', N'<p>💌 THÔNG TIN SẢN PHẨM</p><p></p><ul><li>Chất liệu: nhôm kim loại chống nước cao cấp, bề mặt phủ lớp sơn chống nước</li><li>Thiết kế: 2 ngăn kéo</li><li>Màu sắc: vân gỗ</li><li>Xuất xứ: Việt Nam</li><li>Kích thước đặt nệm: 65 x 11 x 75cm</li></ul><p><span role="img" aria-label="💁🏻‍♀️" style="font-family:&quot;Apple Color Emoji&quot;,&quot;Segoe UI Emoji&quot;,NotoColorEmoji,&quot;Noto Color Emoji&quot;,&quot;Segoe UI Symbol&quot;,&quot;Android Emoji&quot;,EmojiSymbols;line-height:1em;white-space:nowrap;font-size:1em">💁🏻‍♀️</span> CHÚNG MÌNH CAM KẾT</p><p>🙌🏻 Sản phẩm đã kiểm tra kĩ càng, cẩn thận và tư vấn nhiệt tình trước khi gói hàng giao cho khách hàng</p><p>🙌🏻 Hoàn tiền nếu sản phẩm không giống với mô tả</p><p>🙌🏻 Chấp nhận đổi hàng khi sản phẩm không đúng với mô tả</p><p>🙌🏻 Giao hàng trên toàn quốc, nhận hàng trả tiền</p><p>🙌🏻 Đổi trả miễn phí trong vòng 24h</p><p>#tugo #tuquanao #noithat #noithatphongngu</p><p><br></p><ul></ul>')
INSERT [dbo].[SanPham] ([MaSP], [TenSP], [NSX], [ThuongHieu], [Gia], [TongSL], [HinhAnh], [MaDM], [ChiTiet]) VALUES (23, N'Khay đựng vật dụng phòng tắm SEA_HORSE', N'Việt Nam', N'Baya', 79000, 100, N'https://baya.vn/media/catalog/product/cache/a87c63fd4e95b1606c03c9c7999fa76e/k/h/khay-dung-vat-dung-phong-tam-sea-horse-1001570-1-baya.vn.jpg', N'NTPT', N'<p>💌 THÔNG TIN SẢN PHẨM</p><p></p><ul><li>Chất liệu: nhôm kim loại chống nước cao cấp, bề mặt phủ lớp sơn chống nước</li><li>Thiết kế: 2 ngăn kéo</li><li>Màu sắc: vân gỗ</li><li>Xuất xứ: Việt Nam</li><li>Kích thước đặt nệm: 65 x 11 x 75cm</li></ul><p><span role="img" aria-label="💁🏻‍♀️" style="font-family:&quot;Apple Color Emoji&quot;,&quot;Segoe UI Emoji&quot;,NotoColorEmoji,&quot;Noto Color Emoji&quot;,&quot;Segoe UI Symbol&quot;,&quot;Android Emoji&quot;,EmojiSymbols;line-height:1em;white-space:nowrap;font-size:1em">💁🏻‍♀️</span> CHÚNG MÌNH CAM KẾT</p><p>🙌🏻 Sản phẩm đã kiểm tra kĩ càng, cẩn thận và tư vấn nhiệt tình trước khi gói hàng giao cho khách hàng</p><p>🙌🏻 Hoàn tiền nếu sản phẩm không giống với mô tả</p><p>🙌🏻 Chấp nhận đổi hàng khi sản phẩm không đúng với mô tả</p><p>🙌🏻 Giao hàng trên toàn quốc, nhận hàng trả tiền</p><p>🙌🏻 Đổi trả miễn phí trong vòng 24h</p><p> #noithat #noithatphongtam</p><p><br></p><ul></ul>')
INSERT [dbo].[SanPham] ([MaSP], [TenSP], [NSX], [ThuongHieu], [Gia], [TongSL], [HinhAnh], [MaDM], [ChiTiet]) VALUES (24, N'Bộ vạt dụng phòng tắm LILY', N'Việt Nam', N'Baya', 134500, 123, N'https://baya.vn/media/catalog/product/cache/a87c63fd4e95b1606c03c9c7999fa76e/L/I/LILY_Bathroom_Set_Ceramic_White_UMA_1071375_front_1.jpg', N'NTPT', N'<p>💌 THÔNG TIN SẢN PHẨM</p><p></p><ul><li>Chất liệu: đá</li><li>Màu sắc: vân gỗ</li><li>Xuất xứ: Việt Nam</li><li>Kích thước đặt nệm: 65 x 11 x 75cm</li></ul><p><span role="img" aria-label="💁🏻‍♀️" style="font-family:&quot;Apple Color Emoji&quot;,&quot;Segoe UI Emoji&quot;,NotoColorEmoji,&quot;Noto Color Emoji&quot;,&quot;Segoe UI Symbol&quot;,&quot;Android Emoji&quot;,EmojiSymbols;line-height:1em;white-space:nowrap;font-size:1em">💁🏻‍♀️</span> CHÚNG MÌNH CAM KẾT</p><p>🙌🏻 Sản phẩm đã kiểm tra kĩ càng, cẩn thận và tư vấn nhiệt tình trước khi gói hàng giao cho khách hàng</p><p>🙌🏻 Hoàn tiền nếu sản phẩm không giống với mô tả</p><p>🙌🏻 Chấp nhận đổi hàng khi sản phẩm không đúng với mô tả</p><p>🙌🏻 Giao hàng trên toàn quốc, nhận hàng trả tiền</p><p>🙌🏻 Đổi trả miễn phí trong vòng 24h</p><p> #noithat #noithatphongtam</p><p><br></p><ul></ul>')
INSERT [dbo].[SanPham] ([MaSP], [TenSP], [NSX], [ThuongHieu], [Gia], [TongSL], [HinhAnh], [MaDM], [ChiTiet]) VALUES (25, N'Bình xịt xà phòng STYLE', N'Việt Nam', N'Baya', 64500, 130, N'https://baya.vn/media/catalog/product/cache/a87c63fd4e95b1606c03c9c7999fa76e/s/t/style_soap_pump_bottle_ceramic_soft_blue_uma_1011906_corner.jpg', N'NTPT', N'<p>💌 THÔNG TIN SẢN PHẨM</p><p></p><ul><li>Chất liệu: thuỷ tinh</li><li>Màu sắc: trong</li><li>Xuất xứ: Việt Nam</li><li>Kích thước đặt nệm: 65 x 11 x 75cm</li></ul><p><span role="img" aria-label="💁🏻‍♀️" style="font-family:&quot;Apple Color Emoji&quot;,&quot;Segoe UI Emoji&quot;,NotoColorEmoji,&quot;Noto Color Emoji&quot;,&quot;Segoe UI Symbol&quot;,&quot;Android Emoji&quot;,EmojiSymbols;line-height:1em;white-space:nowrap;font-size:1em">💁🏻‍♀️</span> CHÚNG MÌNH CAM KẾT</p><p>🙌🏻 Sản phẩm đã kiểm tra kĩ càng, cẩn thận và tư vấn nhiệt tình trước khi gói hàng giao cho khách hàng</p><p>🙌🏻 Hoàn tiền nếu sản phẩm không giống với mô tả</p><p>🙌🏻 Chấp nhận đổi hàng khi sản phẩm không đúng với mô tả</p><p>🙌🏻 Giao hàng trên toàn quốc, nhận hàng trả tiền</p><p>🙌🏻 Đổi trả miễn phí trong vòng 24h</p><p> #noithat #noithatphongtam</p><p><br></p><ul></ul>')
INSERT [dbo].[SanPham] ([MaSP], [TenSP], [NSX], [ThuongHieu], [Gia], [TongSL], [HinhAnh], [MaDM], [ChiTiet]) VALUES (26, N'Cốc đựng bàn chải ROSENLUND thủy tinh trong suốt', N'Việt Nam', N'JYSK', 79000, 135, N'https://jysk.vn/Data/Sites/1/Product/9346/275130386_2.jpg', N'NTPT', N'<p>💌 THÔNG TIN SẢN PHẨM</p><p></p><ul><li>Chất liệu: thuỷ tinh</li><li>Xuất xứ: Việt Nam</li><li>Kích thước đặt nệm: 65 x 11 x 75cm</li></ul><p><span role="img" aria-label="💁🏻‍♀️" style="font-family:&quot;Apple Color Emoji&quot;,&quot;Segoe UI Emoji&quot;,NotoColorEmoji,&quot;Noto Color Emoji&quot;,&quot;Segoe UI Symbol&quot;,&quot;Android Emoji&quot;,EmojiSymbols;line-height:1em;white-space:nowrap;font-size:1em">💁🏻‍♀️</span> CHÚNG MÌNH CAM KẾT</p><p>🙌🏻 Sản phẩm đã kiểm tra kĩ càng, cẩn thận và tư vấn nhiệt tình trước khi gói hàng giao cho khách hàng</p><p>🙌🏻 Hoàn tiền nếu sản phẩm không giống với mô tả</p><p>🙌🏻 Chấp nhận đổi hàng khi sản phẩm không đúng với mô tả</p><p>🙌🏻 Giao hàng trên toàn quốc, nhận hàng trả tiền</p><p>🙌🏻 Đổi trả miễn phí trong vòng 24h</p><p> #noithat #noithatphongtam</p><p><br></p><ul></ul>')
INSERT [dbo].[SanPham] ([MaSP], [TenSP], [NSX], [ThuongHieu], [Gia], [TongSL], [HinhAnh], [MaDM], [ChiTiet]) VALUES (27, N'Cốc đựng bàn chải ODENSE gốm', N'Việt Nam', N'JYSK', 99000, 100, N'https://jysk.vn/Data/Sites/1/Product/8806/277064286.jpg', N'NTPT', N'<p>💌 THÔNG TIN SẢN PHẨM</p><p></p><ul><li>Chất liệu: gốm</li><li>Xuất xứ: Việt Nam</li><li>Kích thước đặt nệm: 65 x 11 x 75cm</li></ul><p><span role="img" aria-label="💁🏻‍♀️" style="font-family:&quot;Apple Color Emoji&quot;,&quot;Segoe UI Emoji&quot;,NotoColorEmoji,&quot;Noto Color Emoji&quot;,&quot;Segoe UI Symbol&quot;,&quot;Android Emoji&quot;,EmojiSymbols;line-height:1em;white-space:nowrap;font-size:1em">💁🏻‍♀️</span> CHÚNG MÌNH CAM KẾT</p><p>🙌🏻 Sản phẩm đã kiểm tra kĩ càng, cẩn thận và tư vấn nhiệt tình trước khi gói hàng giao cho khách hàng</p><p>🙌🏻 Hoàn tiền nếu sản phẩm không giống với mô tả</p><p>🙌🏻 Chấp nhận đổi hàng khi sản phẩm không đúng với mô tả</p><p>🙌🏻 Giao hàng trên toàn quốc, nhận hàng trả tiền</p><p>🙌🏻 Đổi trả miễn phí trong vòng 24h</p><p> #noithat #noithatphongtam</p><p><br></p><ul></ul>')
INSERT [dbo].[SanPham] ([MaSP], [TenSP], [NSX], [ThuongHieu], [Gia], [TongSL], [HinhAnh], [MaDM], [ChiTiet]) VALUES (28, N'Khay đựng xà phòng ODENSE gốm', N'Việt Nam', N'JYSK', 79000, 100, N'https://jysk.vn/Data/Sites/1/Product/8807/277074286.jpg', N'NTPT', N'<p>💌 THÔNG TIN SẢN PHẨM</p><p></p><ul><li>Chất liệu: gốm</li><li>Xuất xứ: Việt Nam</li><li>Kích thước đặt nệm: 65 x 11 x 75cm</li></ul><p><span role="img" aria-label="💁🏻‍♀️" style="font-family:&quot;Apple Color Emoji&quot;,&quot;Segoe UI Emoji&quot;,NotoColorEmoji,&quot;Noto Color Emoji&quot;,&quot;Segoe UI Symbol&quot;,&quot;Android Emoji&quot;,EmojiSymbols;line-height:1em;white-space:nowrap;font-size:1em">💁🏻‍♀️</span> CHÚNG MÌNH CAM KẾT</p><p>🙌🏻 Sản phẩm đã kiểm tra kĩ càng, cẩn thận và tư vấn nhiệt tình trước khi gói hàng giao cho khách hàng</p><p>🙌🏻 Hoàn tiền nếu sản phẩm không giống với mô tả</p><p>🙌🏻 Chấp nhận đổi hàng khi sản phẩm không đúng với mô tả</p><p>🙌🏻 Giao hàng trên toàn quốc, nhận hàng trả tiền</p><p>🙌🏻 Đổi trả miễn phí trong vòng 24h</p><p> #noithat #noithatphongtam</p><p><br></p><ul></ul>')
INSERT [dbo].[SanPham] ([MaSP], [TenSP], [NSX], [ThuongHieu], [Gia], [TongSL], [HinhAnh], [MaDM], [ChiTiet]) VALUES (29, N'Bàn làm việc VANDBORG gỗ công nghiệp/kim loại', N'Việt Nam', N'JYSK', 1117000, 90, N'https://jysk.vn/Data/Sites/1/Product/10328/362101886-ban-lam-viec-vandborg-mau-soi-jysk.jpg', N'NTVP', N'<p>💌 THÔNG TIN SẢN PHẨM</p><p></p><ul><li>Chất liệu: gỗ công nghiệp chống trầy, chống thấm nước</li><li>Màu sắc: vân gỗ</li><li>Xuất xứ: Việt Nam</li><li>Kích thước: 60 x 40 x 70cm</li></ul><p><span role="img" aria-label="💁🏻‍♀️" style="font-family:&quot;Apple Color Emoji&quot;,&quot;Segoe UI Emoji&quot;,NotoColorEmoji,&quot;Noto Color Emoji&quot;,&quot;Segoe UI Symbol&quot;,&quot;Android Emoji&quot;,EmojiSymbols;line-height:1em;white-space:nowrap;font-size:1em">💁🏻‍♀️</span> CHÚNG MÌNH CAM KẾT</p><p>🙌🏻 Sản phẩm đã kiểm tra kĩ càng, cẩn thận và tư vấn nhiệt tình trước khi gói hàng giao cho khách hàng</p><p>🙌🏻 Hoàn tiền nếu sản phẩm không giống với mô tả</p><p>🙌🏻 Chấp nhận đổi hàng khi sản phẩm không đúng với mô tả</p><p>🙌🏻 Giao hàng trên toàn quốc, nhận hàng trả tiền</p><p>🙌🏻 Đổi trả miễn phí trong vòng 24h</p><p> #banlamviec#noithat #noithatvanphong</p><p><br></p><ul></ul>')
INSERT [dbo].[SanPham] ([MaSP], [TenSP], [NSX], [ThuongHieu], [Gia], [TongSL], [HinhAnh], [MaDM], [ChiTiet]) VALUES (30, N'Bàn làm việc ULLITS gỗ công nghiệp', N'Việt Nam', N'JYSK', 7900000, 90, N'https://jysk.vn/Data/Sites/1/Product/8348/3630253.jpg', N'NTVP', N'<p>💌 THÔNG TIN SẢN PHẨM</p><p></p><ul><li>Chất liệu: gỗ công nghiệp chống trầy, chống thấm nước</li><li>Màu sắc: vân gỗ</li><li>Xuất xứ: Việt Nam</li><li>Kích thước: 60 x 40 x 70cm</li></ul><p><span role="img" aria-label="💁🏻‍♀️" style="font-family:&quot;Apple Color Emoji&quot;,&quot;Segoe UI Emoji&quot;,NotoColorEmoji,&quot;Noto Color Emoji&quot;,&quot;Segoe UI Symbol&quot;,&quot;Android Emoji&quot;,EmojiSymbols;line-height:1em;white-space:nowrap;font-size:1em">💁🏻‍♀️</span> CHÚNG MÌNH CAM KẾT</p><p>🙌🏻 Sản phẩm đã kiểm tra kĩ càng, cẩn thận và tư vấn nhiệt tình trước khi gói hàng giao cho khách hàng</p><p>🙌🏻 Hoàn tiền nếu sản phẩm không giống với mô tả</p><p>🙌🏻 Chấp nhận đổi hàng khi sản phẩm không đúng với mô tả</p><p>🙌🏻 Giao hàng trên toàn quốc, nhận hàng trả tiền</p><p>🙌🏻 Đổi trả miễn phí trong vòng 24h</p><p> #banlamviec#noithat #noithatvanphong</p><p><br></p><ul></ul>')
INSERT [dbo].[SanPham] ([MaSP], [TenSP], [NSX], [ThuongHieu], [Gia], [TongSL], [HinhAnh], [MaDM], [ChiTiet]) VALUES (31, N'Bàn làm việc gấp gọn IKAST ', N'Việt Nam', N'JYSK', 999000, 100, N'https://jysk.vn/Data/Sites/1/Product/10545/3605301-ban-lam-viec-ikast-den-gap-gon-jysk-1.jpg', N'NTVP', N'<p>💌 THÔNG TIN SẢN PHẨM</p><p><br></p><p>Thương hiệu: JYSK</p><p>Chất liệu: Kim loại, gỗ công nghiệp</p><p>Màu sắc: Đen</p><p>Kích thước: R42xD60xC77cm (rộng x dài x cao)</p><p>Xuất xứ: Việt Nam</p><p>Một chiếc bàn làm việc đa năng, nhỏ gọn, có thể gập mở để tiết kiệm diện tích</p><p><br></p><p>💁🏻‍♀️ CHÚNG MÌNH CAM KẾT</p><p><br></p><p>🙌🏻 Sản phẩm đã kiểm tra kĩ càng, cẩn thận và tư vấn nhiệt tình trước khi gói hàng giao cho khách hàng</p><p><br></p><p>🙌🏻 Hoàn tiền nếu sản phẩm không giống với mô tả</p><p><br></p><p>🙌🏻 Chấp nhận đổi hàng khi sản phẩm không đúng với mô tả</p><p><br></p><p>🙌🏻 Giao hàng trên toàn quốc, nhận hàng trả tiền</p><p><br></p><p>🙌🏻 Đổi trả miễn phí trong vòng 24h</p><p><br></p><p>#bananmatdagrace #banan #banan4ghe #noithatphongan #noithat</p>')
INSERT [dbo].[SanPham] ([MaSP], [TenSP], [NSX], [ThuongHieu], [Gia], [TongSL], [HinhAnh], [MaDM], [ChiTiet]) VALUES (32, N'Bàn laptop NEJRUP', N'Việt Nam', N'JYSK', 299000, 100, N'https://jysk.vn/Data/Sites/1/Product/9474/3681411_!.jpg', N'NTVP', N'<h5>💌 THÔNG TIN SẢN PHẨM</h5><h5><br>Thương hiệu: JYSK<br>Chất liệu: Kim loại, gỗ công nghiệp<br>Màu sắc: Đen, trắng<br>Kích thước: R43xD30xC21cm (rộng x dài x cao)<br>Xuất xứ: Việt Nam</h5><h5><br><span style="color: rgb(73, 73, 73); font-family: Helvetica; font-size: 16px;">Là món đồ tiện ích giúp hạn chế tình trạng đau nhức mỏi do ngồi sai tư thế khi làm việc tại nhà. Với thiết kế nhỏ gọn, sản phẩm vô cùng tiện lợi để sử dụng được trong nhiều không gian sống, hỗ trợ hiệu quả cho việc học tập, làm việc, giải trí thoải mái ngay khi nằm trên giường, sofa,...</span></h5><h5><span style="color: rgb(73, 73, 73); font-family: Helvetica; font-size: 16px;"><br></span><br>💁🏻‍♀️ CHÚNG MÌNH CAM KẾT</h5><h5><br>🙌🏻 Sản phẩm đã kiểm tra kĩ càng, cẩn thận và tư vấn nhiệt tình trước khi gói hàng giao cho khách hàng</h5><h5><br>🙌🏻 Hoàn tiền nếu sản phẩm không giống với mô tả</h5><h5><br>🙌🏻 Chấp nhận đổi hàng khi sản phẩm không đúng với mô tả</h5><h5><br>🙌🏻 Giao hàng trên toàn quốc, nhận hàng trả tiền</h5><h5><br>🙌🏻 Đổi trả miễn phí trong vòng 24h</h5><h5><br>#bananmatdagrace #banan #banan4ghe #noithatphongan #noithat</h5>')
INSERT [dbo].[SanPham] ([MaSP], [TenSP], [NSX], [ThuongHieu], [Gia], [TongSL], [HinhAnh], [MaDM], [ChiTiet]) VALUES (33, N'Ghế Xoay Văn Phòng Tay Gập Thông Minh MOHO RIGA', N'Việt Nam', N'MoHo', 1390000, 100, N'https://product.hstatic.net/200000065946/product/pro_trang_noi_that_moho_ghe_van_phong_riga_1_92865499928b49a191bbf2d0e0c91f6f_master.jpg', N'NTVP', N'<h5>💌 THÔNG TIN SẢN PHẨM</h5><h5><br>Thương hiệu: MoHo<br>Chất liệu: </h5><h5>- Khung ghế: nhựa cao cấp<p style="padding: 0px; font-family: Montserrat, sans-serif; line-height: 21px; color: rgb(67, 67, 67); font-size: 14px;">- Tựa lưng và nệm ghế: vải lưới mềm mại thoáng khí</p>Màu sắc: Đen, trắng<br>Kích thước: Dài 52cm x Rộng 65cm x Cao 94-101cm<br>Xuất xứ: Việt Nam</h5><h5><br></h5><h5><span style="color: rgb(73, 73, 73); font-family: Helvetica; font-size: 16px;">Ghế xoay văn phòng tay gập thông minh<br></span><br>💁🏻‍♀️ CHÚNG MÌNH CAM KẾT</h5><h5><br>🙌🏻 Sản phẩm đã kiểm tra kĩ càng, cẩn thận và tư vấn nhiệt tình trước khi gói hàng giao cho khách hàng</h5><h5><br>🙌🏻 Hoàn tiền nếu sản phẩm không giống với mô tả</h5><h5><br>🙌🏻 Chấp nhận đổi hàng khi sản phẩm không đúng với mô tả</h5><h5><br>🙌🏻 Giao hàng trên toàn quốc, nhận hàng trả tiền</h5><h5><br>🙌🏻 Đổi trả miễn phí trong vòng 24h</h5><h5><br>#bananmatdagrace #banan #banan4ghe #noithatphongan #noithat</h5>')
INSERT [dbo].[SanPham] ([MaSP], [TenSP], [NSX], [ThuongHieu], [Gia], [TongSL], [HinhAnh], [MaDM], [ChiTiet]) VALUES (34, N'Ghế Xoay Văn Phòng Ngả Lưng MOHO JEFE', N'Việt Nam', N'MoHo', 2290000, 90, N'https://product.hstatic.net/200000065946/product/pro_den_noi_that_moho_ghe_van_phong_jefe_1_c22b21049a9748aa9ce64503ad45b58b_master.jpg', N'NTVP', N'<h5>💌 THÔNG TIN SẢN PHẨM</h5><h5><br>Thương hiệu: MoHo</h5><h5>Chất liệu:<br>- Khung ghế: nhựa cao cấp<br>- Tựa lưng và nệm ghế: vải lưới mềm mại thoáng khí<br>- Chân xoay: inox</h5><h5>Màu sắc: Đen, xám<br>Kích thước: Dài 47cm x Rộng 65cm x Cao 108-126cm<br>Xuất xứ: Việt Nam</h5><h5><br></h5><h5><span style="color: rgb(73, 73, 73); font-family: Helvetica; font-size: 16px;">Ghế xoay văn phòng ngả lưng<br></span><br>💁🏻‍♀️ CHÚNG MÌNH CAM KẾT</h5><h5><br>🙌🏻 Sản phẩm đã kiểm tra kĩ càng, cẩn thận và tư vấn nhiệt tình trước khi gói hàng giao cho khách hàng</h5><h5><br>🙌🏻 Hoàn tiền nếu sản phẩm không giống với mô tả</h5><h5><br>🙌🏻 Chấp nhận đổi hàng khi sản phẩm không đúng với mô tả</h5><h5><br>🙌🏻 Giao hàng trên toàn quốc, nhận hàng trả tiền</h5><h5><br>🙌🏻 Đổi trả miễn phí trong vòng 24h</h5><h5><br>#bananmatdagrace #banan #banan4ghe #noithatphongan #noithat</h5>')
INSERT [dbo].[SanPham] ([MaSP], [TenSP], [NSX], [ThuongHieu], [Gia], [TongSL], [HinhAnh], [MaDM], [ChiTiet]) VALUES (35, N'Hộc Tủ 3 Ngăn Lưu Trữ Tài Liệu Có Khóa MOHO WORKS', N'Việt Nam', N'MoHo', 1790000, 90, N'https://product.hstatic.net/200000065946/product/pro_trang_noi_that_moho_hoc_tu_luu_tru_11_7cac38416e714e32b8534fd2a8e011d8_master.jpg', N'NTVP', N'<h5>💌 THÔNG TIN SẢN PHẨM</h5><h5><br>Thương hiệu: MoHo</h5><h5>Chất liệu:<br>Gỗ công nghiệp PB cao cấp chuẩn CARB-P2 (*), sơn phủ UV<br></h5><h5>Màu sắc: Đen, tră<br>Kích thước: Dài 35cm x Rộng 42cm x Cao 63cm&nbsp;<br>Xuất xứ: Việt Nam</h5><p><b>Hộc tủ 3 ngăn lưu trữ tài liệu có khóa</b></p><h5><br>💁🏻‍♀️ CHÚNG MÌNH CAM KẾT</h5><h5><br>🙌🏻 Sản phẩm đã kiểm tra kĩ càng, cẩn thận và tư vấn nhiệt tình trước khi gói hàng giao cho khách hàng</h5><h5><br>🙌🏻 Hoàn tiền nếu sản phẩm không giống với mô tả</h5><h5><br>🙌🏻 Chấp nhận đổi hàng khi sản phẩm không đúng với mô tả</h5><h5><br>🙌🏻 Giao hàng trên toàn quốc, nhận hàng trả tiền</h5><h5><br>🙌🏻 Đổi trả miễn phí trong vòng 24h</h5><h5><br>#bananmatdagrace #banan #banan4ghe #noithatphongan #noithat</h5>')
INSERT [dbo].[SanPham] ([MaSP], [TenSP], [NSX], [ThuongHieu], [Gia], [TongSL], [HinhAnh], [MaDM], [ChiTiet]) VALUES (36, N'Kệ Để Sách 5 Tầng MOHO WORKS', N'Việt Nam', N'MoHo', 3999000, 60, N'https://product.hstatic.net/200000065946/product/pro_trang_noi_that_moho_ke_de_sach_5_tang_moho_works_8_0fceadbecd0d48df9113163674a088b9_master.jpg', N'NTVP', N'<h5>💌 THÔNG TIN SẢN PHẨM</h5><h5><br>Thương hiệu: MoHo</h5><h5>Chất liệu:<br><p style="padding: 0px; font-family: Montserrat, sans-serif; line-height: 21px; color: rgb(67, 67, 67); font-size: 14px;">Gỗ công nghiệp PB cao cấp chuẩn CARB-P2<br>Khung sắt sơn tĩnh điện chống gỉ, thấm nước.</p></h5><h5>Màu sắc: Đen, trắng<br>Kích thước: Dài 80cm x Rộng 32cm x Cao 174cm&nbsp;<br>Xuất xứ: Việt Nam</h5><p><b>Kệ để sách 5 tầng</b></p><h5><br>💁🏻‍♀️ CHÚNG MÌNH CAM KẾT</h5><h5><br>🙌🏻 Sản phẩm đã kiểm tra kĩ càng, cẩn thận và tư vấn nhiệt tình trước khi gói hàng giao cho khách hàng</h5><h5><br>🙌🏻 Hoàn tiền nếu sản phẩm không giống với mô tả</h5><h5><br>🙌🏻 Chấp nhận đổi hàng khi sản phẩm không đúng với mô tả</h5><h5><br>🙌🏻 Giao hàng trên toàn quốc, nhận hàng trả tiền</h5><h5><br>🙌🏻 Đổi trả miễn phí trong vòng 24h</h5><h5><br>#bananmatdagrace #banan #banan4ghe #noithatphongan #noithat</h5>')
INSERT [dbo].[SanPham] ([MaSP], [TenSP], [NSX], [ThuongHieu], [Gia], [TongSL], [HinhAnh], [MaDM], [ChiTiet]) VALUES (37, N'Kệ Gỗ – Kệ Sách MOHO OSLO', N'Việt Nam', N'MoHo', 1990000, 80, N'https://product.hstatic.net/200000065946/product/pro_mau_tu_nhien_noi_that_moho_tu_ke_sach_oslo_1_b95178561732462186e05fcfb42a8b4a_master.jpg', N'NTVP', N'<h5>💌 THÔNG TIN SẢN PHẨM</h5><h5><br>Thương hiệu: MoHo</h5><h5>Chất liệu:<br><p style="padding: 0px; font-family: Montserrat, sans-serif; line-height: 21px; color: rgb(67, 67, 67); font-size: 14px;"><span style="font-size: 13.3333px;">Gỗ công nghiệp PB chuẩn CARB-P2, Sơn phủ UV</span><br></p></h5><h5>Màu sắc: Nâu, màu tự nhiên<br>Kích thước: Dài 80cm x Rộng 30cm x Cao 160cm<br>Xuất xứ: Việt Nam</h5><p><b>Kệ gỗ - kệ sách</b></p><h5><br>💁🏻‍♀️ CHÚNG MÌNH CAM KẾT</h5><h5><br>🙌🏻 Sản phẩm đã kiểm tra kĩ càng, cẩn thận và tư vấn nhiệt tình trước khi gói hàng giao cho khách hàng</h5><h5><br>🙌🏻 Hoàn tiền nếu sản phẩm không giống với mô tả</h5><h5><br>🙌🏻 Chấp nhận đổi hàng khi sản phẩm không đúng với mô tả</h5><h5><br>🙌🏻 Giao hàng trên toàn quốc, nhận hàng trả tiền</h5><h5><br>🙌🏻 Đổi trả miễn phí trong vòng 24h</h5><h5><br>#bananmatdagrace #banan #banan4ghe #noithatphongan #noithat</h5>')
INSERT [dbo].[SanPham] ([MaSP], [TenSP], [NSX], [ThuongHieu], [Gia], [TongSL], [HinhAnh], [MaDM], [ChiTiet]) VALUES (38, N'Tủ hồ sơ HERLEV gỗ công nghiệp', N'Việt Nam', N'JYSK', 2242000, 90, N'https://jysk.vn/Data/Sites/1/Product/9199/3600274.jpg', N'NTVP', N'<h5>💌 THÔNG TIN SẢN PHẨM</h5><h5><br>Thương hiệu: JYSK</h5><h5>Chất liệu:<br><p style="padding: 0px; font-family: Montserrat, sans-serif; line-height: 21px; color: rgb(67, 67, 67); font-size: 14px;"><span style="color: rgb(73, 73, 73); font-family: Roboto, sans-serif; font-size: 16px;">Gỗ công nghiệp</span><br></p></h5><h5>Màu sắc: Trắng<br>Kích thước: Dài 49cm x Rộng 41cm x Cao 76cm<br>Xuất xứ: Việt Nam</h5><p><span style="color: rgb(73, 73, 73); font-family: Roboto, sans-serif; font-size: 16px;">Tủ hồ sơ HERLEV tiện dụng với chức năng lưu trữ đồ dùng, hồ sơ, mà còn góp phần làm đẹp cho không gian. Tủ hồ sơ HERLEV với thiết kế tối giản, hiện đại là sự lựa chọn lý tưởng cho không gian sống</span><br style="outline: 0px; color: rgb(73, 73, 73); font-family: Roboto, sans-serif; font-size: 16px;"></p><h5><br>💁🏻‍♀️ CHÚNG MÌNH CAM KẾT</h5><h5><br>🙌🏻 Sản phẩm đã kiểm tra kĩ càng, cẩn thận và tư vấn nhiệt tình trước khi gói hàng giao cho khách hàng</h5><h5><br>🙌🏻 Hoàn tiền nếu sản phẩm không giống với mô tả</h5><h5><br>🙌🏻 Chấp nhận đổi hàng khi sản phẩm không đúng với mô tả</h5><h5><br>🙌🏻 Giao hàng trên toàn quốc, nhận hàng trả tiền</h5><h5><br>🙌🏻 Đổi trả miễn phí trong vòng 24h</h5><h5><br>#bananmatdagrace #banan #banan4ghe #noithatphongan #noithat</h5>')
INSERT [dbo].[SanPham] ([MaSP], [TenSP], [NSX], [ThuongHieu], [Gia], [TongSL], [HinhAnh], [MaDM], [ChiTiet]) VALUES (39, N'Sofa da phong cách hiện đại', N'Việt Nam', N'Dreamhouse', 10120000, 50, N'https://dreamhouse.com.vn/wp-content/uploads/2022/08/sofa-da-phong-cach-hien-dai-s799-title.jpg?ver=83', N'NTPK', N'<h5>💌 THÔNG TIN SẢN PHẨM</h5><h5><br>Thương hiệu: DreamHouse</h5><h5>Chất liệu:&nbsp;<br>- Da Microfiber cao cấp<br>- Chân gỗ tần bì chất lượng cao</h5><h5>Màu sắc: Nâu, be<br>Kích thước: Đặt hàng theo nhu cầu<br>Xuất xứ: Việt Nam</h5><p><font color="#494949" face="Roboto, sans-serif"><span style="font-size: 16px;">Sofa da phong cách hiện đại</span></font></p><h5><br>💁🏻‍♀️ CHÚNG MÌNH CAM KẾT</h5><h5><br>🙌🏻 Sản phẩm đã kiểm tra kĩ càng, cẩn thận và tư vấn nhiệt tình trước khi gói hàng giao cho khách hàng</h5><h5><br>🙌🏻 Hoàn tiền nếu sản phẩm không giống với mô tả</h5><h5><br>🙌🏻 Chấp nhận đổi hàng khi sản phẩm không đúng với mô tả</h5><h5><br>🙌🏻 Giao hàng trên toàn quốc, nhận hàng trả tiền</h5><h5><br>🙌🏻 Đổi trả miễn phí trong vòng 24h</h5><h5><br>#bananmatdagrace #banan #banan4ghe #noithatphongan #noithat</h5>')
INSERT [dbo].[SanPham] ([MaSP], [TenSP], [NSX], [ThuongHieu], [Gia], [TongSL], [HinhAnh], [MaDM], [ChiTiet]) VALUES (40, N'Sofa nỉ kiểu Bắc Âu', N'Việt Nam', N'Dreamhouse', 9030000, 60, N'https://dreamhouse.com.vn/wp-content/uploads/2022/08/sofa-ni-kieu-bac-au-s780-title.jpg?ver=83', N'NTPK', N'<h5>💌 THÔNG TIN SẢN PHẨM</h5><h5><br>Thương hiệu: DreamHouse</h5><h5>Chất liệu:&nbsp;<br>- Nỉ cỏ may, vải nỉ cao cấp<br>- Gỗ tự nhiên</h5><h5>Màu sắc: Nâu, be, chọn theo catalog<br>Kích thước: Đặt hàng theo nhu cầu<br>Xuất xứ: Việt Nam</h5><p><font color="#494949" face="Roboto, sans-serif"><span style="font-size: 16px;">Sofa nỉ phong cách Bắc Âu</span></font></p><h5><br>💁🏻‍♀️ CHÚNG MÌNH CAM KẾT</h5><h5><br>🙌🏻 Sản phẩm đã kiểm tra kĩ càng, cẩn thận và tư vấn nhiệt tình trước khi gói hàng giao cho khách hàng</h5><h5><br>🙌🏻 Hoàn tiền nếu sản phẩm không giống với mô tả</h5><h5><br>🙌🏻 Chấp nhận đổi hàng khi sản phẩm không đúng với mô tả</h5><h5><br>🙌🏻 Giao hàng trên toàn quốc, nhận hàng trả tiền</h5><h5><br>🙌🏻 Đổi trả miễn phí trong vòng 24h</h5><h5><br>#bananmatdagrace #banan #banan4ghe #noithatphongan #noithat</h5>')
INSERT [dbo].[SanPham] ([MaSP], [TenSP], [NSX], [ThuongHieu], [Gia], [TongSL], [HinhAnh], [MaDM], [ChiTiet]) VALUES (41, N'Sofa văng da Microfiber', N'Việt Nam', N'Dreamhouse', 10120000, 60, N'https://dreamhouse.com.vn/wp-content/uploads/2022/08/sofa-vang-da-microfiber-s786-title.jpg?ver=83', N'NTPK', N'<h5>💌 THÔNG TIN SẢN PHẨM</h5><h5><br>Thương hiệu: DreamHouse</h5><h5>Chất liệu:&nbsp;<br>- Da Microfiber cao cấp<br>- Chân gỗ tần bì chất lượng cao</h5><h5>Màu sắc: Nâu, be, chọn theo catalog<br>Kích thước: Đặt hàng theo nhu cầu<br>Xuất xứ: Việt Nam</h5><p><font color="#494949" face="Roboto, sans-serif"><span style="font-size: 16px;">Sofa văng da Microfiber</span></font></p><h5><br>💁🏻‍♀️ CHÚNG MÌNH CAM KẾT</h5><h5><br>🙌🏻 Sản phẩm đã kiểm tra kĩ càng, cẩn thận và tư vấn nhiệt tình trước khi gói hàng giao cho khách hàng</h5><h5><br>🙌🏻 Hoàn tiền nếu sản phẩm không giống với mô tả</h5><h5><br>🙌🏻 Chấp nhận đổi hàng khi sản phẩm không đúng với mô tả</h5><h5><br>🙌🏻 Giao hàng trên toàn quốc, nhận hàng trả tiền</h5><h5><br>🙌🏻 Đổi trả miễn phí trong vòng 24h</h5><h5><br>#bananmatdagrace #banan #banan4ghe #noithatphongan #noithat</h5>')
INSERT [dbo].[SanPham] ([MaSP], [TenSP], [NSX], [ThuongHieu], [Gia], [TongSL], [HinhAnh], [MaDM], [ChiTiet]) VALUES (42, N'Sofa góc hiện đại', N'Việt Nam', N'Dreamhouse', 17100000, 60, N'https://dreamhouse.com.vn/wp-content/uploads/2022/08/sofa-goc-hien-dai-s775-title.jpg?ver=83', N'NTPK', N'<h5>💌 THÔNG TIN SẢN PHẨM</h5><h5><br>Thương hiệu: DreamHouse</h5><h5>Chất liệu:&nbsp;<br>- Da bò thật<br>- Gỗ tự nhiên</h5><h5>Màu sắc: Nâu, be, xám, xám than<br>Kích thước: Đặt hàng theo nhu cầu<br>Xuất xứ: Việt Nam</h5><p><font color="#494949" face="Roboto, sans-serif"><span style="font-size: 16px;">Sofa góc hiện đại</span></font></p><h5><br>💁🏻‍♀️ CHÚNG MÌNH CAM KẾT</h5><h5><br>🙌🏻 Sản phẩm đã kiểm tra kĩ càng, cẩn thận và tư vấn nhiệt tình trước khi gói hàng giao cho khách hàng</h5><h5><br>🙌🏻 Hoàn tiền nếu sản phẩm không giống với mô tả</h5><h5><br>🙌🏻 Chấp nhận đổi hàng khi sản phẩm không đúng với mô tả</h5><h5><br>🙌🏻 Giao hàng trên toàn quốc, nhận hàng trả tiền</h5><h5><br>🙌🏻 Đổi trả miễn phí trong vòng 24h</h5><h5><br>#bananmatdagrace #banan #banan4ghe #noithatphongan #noithat</h5>')
INSERT [dbo].[SanPham] ([MaSP], [TenSP], [NSX], [ThuongHieu], [Gia], [TongSL], [HinhAnh], [MaDM], [ChiTiet]) VALUES (43, N'Sofa giường HARNDRUP vải polyester', N'Việt Nam', N'JYSK', 6230000, 60, N'https://jysk.vn/Data/Sites/1/Product/9634/360096686_1.jpg', N'NTPK', N'<h5>💌 THÔNG TIN SẢN PHẨM</h5><h5><br>Thương hiệu: JYSK</h5><h5>Chất liệu: Vải polyester<br></h5><h5>Màu sắc: Xám</h5><h5>Kích thước: R210 x C100 x S85</h5><h5>Xuất xứ: Việt Nam</h5><div ccp_infra_version="3" ccp_infra_timestamp="1669274268319" ccp_infra_user_hash="370375358" ccp_infra_copy_id="" data-ccp-timestamp="1669274268319" style="color: rgb(0, 0, 0); font-size: medium;"><table width="337" style="width: 253pt;"><colgroup><col width="337" style="width: 253pt;"></colgroup><tbody><tr height="20" style="height: 15pt;"><td width="337" height="20" style="padding-top: 1px; padding-right: 1px; padding-left: 1px; font-size: 11pt; font-family: Calibri, sans-serif; vertical-align: bottom; border: none; white-space: nowrap; width: 253pt; height: 15pt;">Sofa giường HARNDRUP vải polyester</td></tr></tbody></table></div><h5><br>💁🏻‍♀️ CHÚNG MÌNH CAM KẾT</h5><h5><br>🙌🏻 Sản phẩm đã kiểm tra kĩ càng, cẩn thận và tư vấn nhiệt tình trước khi gói hàng giao cho khách hàng</h5><h5><br>🙌🏻 Hoàn tiền nếu sản phẩm không giống với mô tả</h5><h5><br>🙌🏻 Chấp nhận đổi hàng khi sản phẩm không đúng với mô tả</h5><h5><br>🙌🏻 Giao hàng trên toàn quốc, nhận hàng trả tiền</h5><h5><br>🙌🏻 Đổi trả miễn phí trong vòng 24h</h5><h5><br>#bananmatdagrace #banan #banan4ghe #noithatphongan #noithat</h5>')
INSERT [dbo].[SanPham] ([MaSP], [TenSP], [NSX], [ThuongHieu], [Gia], [TongSL], [HinhAnh], [MaDM], [ChiTiet]) VALUES (44, N'Ghế bành KARE vải polyester', N'Việt Nam', N'JYSK', 5900000, 70, N'https://jysk.vn/Data/Sites/1/Product/8921/360004186.jpg', N'NTPK', N'<h5>💌 THÔNG TIN SẢN PHẨM</h5><h5><br>Thương hiệu: JYSK</h5><h5>Chất liệu: Vải polyester<br></h5><h5>Màu sắc: Xám, Đen</h5><h5>Kích thước: R88 x C74 x S76</h5><h5>Xuất xứ: Việt Nam</h5><div ccp_infra_version="3" ccp_infra_timestamp="1669274268319" ccp_infra_user_hash="370375358" ccp_infra_copy_id="" data-ccp-timestamp="1669274268319" style="color: rgb(0, 0, 0); font-size: medium;"></div><h5>Ghế bành</h5><h5><br>💁🏻‍♀️ CHÚNG MÌNH CAM KẾT</h5><h5><br>🙌🏻 Sản phẩm đã kiểm tra kĩ càng, cẩn thận và tư vấn nhiệt tình trước khi gói hàng giao cho khách hàng</h5><h5><br>🙌🏻 Hoàn tiền nếu sản phẩm không giống với mô tả</h5><h5><br>🙌🏻 Chấp nhận đổi hàng khi sản phẩm không đúng với mô tả</h5><h5><br>🙌🏻 Giao hàng trên toàn quốc, nhận hàng trả tiền</h5><h5><br>🙌🏻 Đổi trả miễn phí trong vòng 24h</h5><h5><br>#bananmatdagrace #banan #banan4ghe #noithatphongan #noithat</h5>')
INSERT [dbo].[SanPham] ([MaSP], [TenSP], [NSX], [ThuongHieu], [Gia], [TongSL], [HinhAnh], [MaDM], [ChiTiet]) VALUES (45, N'Kệ TV JERNVED gỗ công nghiệp', N'Việt Nam', N'JYSK', 7500000, 70, N'https://jysk.vn/Data/Sites/1/Product/8953/3659431.jpg', N'NTPK', N'<h5>💌 THÔNG TIN SẢN PHẨM</h5><h5><br>Thương hiệu: JYSK</h5><h5>Chất liệu: Gỗ công nghiệp<br></h5><h5>Màu sắc: Xám, Trắng</h5><h5>Kích thước: R150 x C45 x S45</h5><h5>Xuất xứ: Italy</h5><div ccp_infra_version="3" ccp_infra_timestamp="1669274268319" ccp_infra_user_hash="370375358" ccp_infra_copy_id="" data-ccp-timestamp="1669274268319" style="color: rgb(0, 0, 0); font-size: medium;"></div><h5>Kệ TV</h5><h5><br>💁🏻‍♀️ CHÚNG MÌNH CAM KẾT</h5><h5><br>🙌🏻 Sản phẩm đã kiểm tra kĩ càng, cẩn thận và tư vấn nhiệt tình trước khi gói hàng giao cho khách hàng</h5><h5><br>🙌🏻 Hoàn tiền nếu sản phẩm không giống với mô tả</h5><h5><br>🙌🏻 Chấp nhận đổi hàng khi sản phẩm không đúng với mô tả</h5><h5><br>🙌🏻 Giao hàng trên toàn quốc, nhận hàng trả tiền</h5><h5><br>🙌🏻 Đổi trả miễn phí trong vòng 24h</h5><h5><br>#bananmatdagrace #banan #banan4ghe #noithatphongan #noithat</h5>')
INSERT [dbo].[SanPham] ([MaSP], [TenSP], [NSX], [ThuongHieu], [Gia], [TongSL], [HinhAnh], [MaDM], [ChiTiet]) VALUES (46, N'Kệ TV AARUP gỗ công nghiệp', N'Việt Nam', N'JYSK', 5900000, 60, N'https://jysk.vn/Data/Sites/1/Product/8961/3627226.jpg', N'NTPK', N'<h5>💌 THÔNG TIN SẢN PHẨM</h5><h5><br>Thương hiệu: JYSK</h5><h5>Chất liệu: Gỗ công nghiệp<br></h5><h5>Màu sắc: Trắng, Sồi</h5><h5>Kích thước: R148 x C41 x S49</h5><h5>Xuất xứ: Ba Lan</h5><div ccp_infra_version="3" ccp_infra_timestamp="1669274268319" ccp_infra_user_hash="370375358" ccp_infra_copy_id="" data-ccp-timestamp="1669274268319" style="color: rgb(0, 0, 0); font-size: medium;"></div><h5>Kệ TV</h5><h5><br>💁🏻‍♀️ CHÚNG MÌNH CAM KẾT</h5><h5><br>🙌🏻 Sản phẩm đã kiểm tra kĩ càng, cẩn thận và tư vấn nhiệt tình trước khi gói hàng giao cho khách hàng</h5><h5><br>🙌🏻 Hoàn tiền nếu sản phẩm không giống với mô tả</h5><h5><br>🙌🏻 Chấp nhận đổi hàng khi sản phẩm không đúng với mô tả</h5><h5><br>🙌🏻 Giao hàng trên toàn quốc, nhận hàng trả tiền</h5><h5><br>🙌🏻 Đổi trả miễn phí trong vòng 24h</h5><h5><br>#bananmatdagrace #banan #banan4ghe #noithatphongan #noithat</h5>')
INSERT [dbo].[SanPham] ([MaSP], [TenSP], [NSX], [ThuongHieu], [Gia], [TongSL], [HinhAnh], [MaDM], [ChiTiet]) VALUES (47, N'Bàn Sofa - Bàn Cafe - Bàn Trà Gỗ MOHO VLINE', N'Việt Nam', N'MoHo', 1790000, 60, N'https://product.hstatic.net/200000065946/product/pro_mau_tu_nhien_noi_that_moho_ban_sofa_vline_501_1_0bdb9fe421b244b899ddcb7212a2474e_master.jpg', N'NTPK', N'<h5>💌 THÔNG TIN SẢN PHẨM</h5><h5><br>Thương hiệu: MoHo</h5><h5>Chất liệu: Gỗ thông nguyên khối, màu gỗ walnut</h5><h5>Màu sắc: Nâu</h5><h5>Kích thước: Dài 100cm x Rộng 50cm x Cao 40cm</h5><h5>Xuất xứ: Việt Nam</h5><div ccp_infra_version="3" ccp_infra_timestamp="1669274268319" ccp_infra_user_hash="370375358" ccp_infra_copy_id="" data-ccp-timestamp="1669274268319" style="color: rgb(0, 0, 0); font-size: medium;"></div><h5>Bàn Sofa - bàn cà phê - bàn trà&nbsp;</h5><h5><br>💁🏻‍♀️ CHÚNG MÌNH CAM KẾT</h5><h5><br>🙌🏻 Sản phẩm đã kiểm tra kĩ càng, cẩn thận và tư vấn nhiệt tình trước khi gói hàng giao cho khách hàng</h5><h5><br>🙌🏻 Hoàn tiền nếu sản phẩm không giống với mô tả</h5><h5><br>🙌🏻 Chấp nhận đổi hàng khi sản phẩm không đúng với mô tả</h5><h5><br>🙌🏻 Giao hàng trên toàn quốc, nhận hàng trả tiền</h5><h5><br>🙌🏻 Đổi trả miễn phí trong vòng 24h</h5><h5><br>#bananmatdagrace #banan #banan4ghe #noithatphongan #noithat</h5>')
INSERT [dbo].[SanPham] ([MaSP], [TenSP], [NSX], [ThuongHieu], [Gia], [TongSL], [HinhAnh], [MaDM], [ChiTiet]) VALUES (48, N'Bàn Sofa - Bàn Cafe - Bàn Trà Gỗ MOHO KOLDING', N'Việt Nam', N'MoHo', 2990000, 50, N'https://product.hstatic.net/200000065946/product/pro_nau_noi_that_moho_ban_tra_sofa_kolding_1_1c8586697e0a4906a49fb4c8aa55a8a4_master.jpg', N'NTPK', N'<h5>💌 THÔNG TIN SẢN PHẨM</h5><h5><br>Thương hiệu: MoHo</h5><h5>Chất liệu: <br>- Gỗ tràm tự nhiên<br>- Chân sắt sơn tĩnh điện</h5><h5>Màu sắc: Nâu</h5><h5>Kích thước: 100cm x 50cm x 40cm</h5><h5>Xuất xứ: Việt Nam</h5><div ccp_infra_version="3" ccp_infra_timestamp="1669274268319" ccp_infra_user_hash="370375358" ccp_infra_copy_id="" data-ccp-timestamp="1669274268319" style="color: rgb(0, 0, 0); font-size: medium;"></div><h5>Bàn Sofa - bàn cà phê - bàn trà&nbsp;</h5><h5><br>💁🏻‍♀️ CHÚNG MÌNH CAM KẾT</h5><h5><br>🙌🏻 Sản phẩm đã kiểm tra kĩ càng, cẩn thận và tư vấn nhiệt tình trước khi gói hàng giao cho khách hàng</h5><h5><br>🙌🏻 Hoàn tiền nếu sản phẩm không giống với mô tả</h5><h5><br>🙌🏻 Chấp nhận đổi hàng khi sản phẩm không đúng với mô tả</h5><h5><br>🙌🏻 Giao hàng trên toàn quốc, nhận hàng trả tiền</h5><h5><br>🙌🏻 Đổi trả miễn phí trong vòng 24h</h5><h5><br>#bananmatdagrace #banan #banan4ghe #noithatphongan #noithat</h5>')
INSERT [dbo].[SanPham] ([MaSP], [TenSP], [NSX], [ThuongHieu], [Gia], [TongSL], [HinhAnh], [MaDM], [ChiTiet]) VALUES (49, N'Ghế Sofa Góc Chữ L Gỗ Cao Su Tự Nhiên MOHO VLINE', N'Việt Nam', N'MoHo', 13980000, 60, N'https://product.hstatic.net/200000065946/product/pro_mau_tu_nhien_ghe_sofa_vline_kem_sofa_goc_xam_1_4bc37d460d084593b29b3639b69ced77_master.jpg', N'NTPK', N'<h5>💌 THÔNG TIN SẢN PHẨM</h5><h5><br>Thương hiệu: MoHo</h5><h5>Chất liệu: <br><p style="padding: 0px; font-family: Montserrat, sans-serif; line-height: 21px; color: rgb(67, 67, 67); font-size: 14px;"><span style="margin: 0px; padding: 0px; font-size: 10pt;">- Thân ghế: Gỗ tràm tự nhiên (Ghế sofa Nâu)<br></span><span style="font-size: 10pt;">- Thân ghế: Gỗ cao su tự nhiên (Ghế sofa Màu tự nhiên)<br></span><span style="font-size: 10pt;">- Chân ghế: Gỗ cao su tự nhiên<br></span><span style="font-size: 10pt;">- Vải sợi tổng hợp có khả năng chống thấm nước và dầu<br></span><em style="font-size: 10pt; margin: 0px; padding: 0px;">-&nbsp;</em><span style="font-size: 10pt;">Tấm phản: Gỗ công nghiệp Plywood</span></p></h5><h5>Màu sắc: xám, be</h5><h5>Kích thước: <br>- Ghế sofa: Dài: 180cm x Rộng 85cm x Cao 82cm<br>- Ghế sofa góc: Dài 140cm x Rộng 60cm x Cao 82cm</h5><h5>Xuất xứ: Việt Nam</h5><div ccp_infra_version="3" ccp_infra_timestamp="1669274268319" ccp_infra_user_hash="370375358" ccp_infra_copy_id="" data-ccp-timestamp="1669274268319" style="color: rgb(0, 0, 0); font-size: medium;"></div><h5>Ghế sofa góc chữ L</h5><h5><br>💁🏻‍♀️ CHÚNG MÌNH CAM KẾT</h5><h5><br>🙌🏻 Sản phẩm đã kiểm tra kĩ càng, cẩn thận và tư vấn nhiệt tình trước khi gói hàng giao cho khách hàng</h5><h5><br>🙌🏻 Hoàn tiền nếu sản phẩm không giống với mô tả</h5><h5><br>🙌🏻 Chấp nhận đổi hàng khi sản phẩm không đúng với mô tả</h5><h5><br>🙌🏻 Giao hàng trên toàn quốc, nhận hàng trả tiền</h5><h5><br>🙌🏻 Đổi trả miễn phí trong vòng 24h</h5><h5><br>#bananmatdagrace #banan #banan4ghe #noithatphongan #noithat</h5>')
INSERT [dbo].[SanPham] ([MaSP], [TenSP], [NSX], [ThuongHieu], [Gia], [TongSL], [HinhAnh], [MaDM], [ChiTiet]) VALUES (50, N'Ghế Đôn Sofa Gỗ Cao Su Tự Nhiên MOHO VLINE', N'Việt Nam', N'MoHo', 1990000, 60, N'https://product.hstatic.net/200000065946/product/pro_mau_tu_nhien_ghe_don_sofa_vline_6_613d5321857749a18eb5a04daa561634_master.jpg', N'NTPK', N'<h5>💌 THÔNG TIN SẢN PHẨM</h5><h5><br>Thương hiệu: MoHo</h5><h5>Chất liệu: <br><p style="padding: 0px; font-family: Montserrat, sans-serif; line-height: 21px; color: rgb(67, 67, 67); font-size: 14px;"><span style="margin: 0px; padding: 0px; font-size: 10pt;">- Gỗ cao su tự nhiên<br></span><span style="font-size: 10pt;">- Vải sợi tổng hợp chống nhăn, kháng bụi bẩn và nấm mốc<br></span><em style="font-size: 10pt; margin: 0px; padding: 0px;">-&nbsp;</em><span style="font-size: 10pt;">Tấm phản: Gỗ công nghiệp Plywood</span></p></h5><h5>Màu sắc: nâu, màu tự nhiên</h5><h5>Kích thước: Dài 60cm x Rộng 60cm x Cao 37cm<br></h5><h5>Xuất xứ: Việt Nam</h5><div ccp_infra_version="3" ccp_infra_timestamp="1669274268319" ccp_infra_user_hash="370375358" ccp_infra_copy_id="" data-ccp-timestamp="1669274268319" style="color: rgb(0, 0, 0); font-size: medium;"></div><h5>Ghế đôn sofa</h5><h5><br>💁🏻‍♀️ CHÚNG MÌNH CAM KẾT</h5><h5><br>🙌🏻 Sản phẩm đã kiểm tra kĩ càng, cẩn thận và tư vấn nhiệt tình trước khi gói hàng giao cho khách hàng</h5><h5><br>🙌🏻 Hoàn tiền nếu sản phẩm không giống với mô tả</h5><h5><br>🙌🏻 Chấp nhận đổi hàng khi sản phẩm không đúng với mô tả</h5><h5><br>🙌🏻 Giao hàng trên toàn quốc, nhận hàng trả tiền</h5><h5><br>🙌🏻 Đổi trả miễn phí trong vòng 24h</h5><h5><br>#bananmatdagrace #banan #banan4ghe #noithatphongan #noithat</h5>')
INSERT [dbo].[SanPham] ([MaSP], [TenSP], [NSX], [ThuongHieu], [Gia], [TongSL], [HinhAnh], [MaDM], [ChiTiet]) VALUES (51, N'Đèn bàn BRANDUR', N'Việt Nam', N'JYSK', 599000, 70, N'https://jysk.vn/Data/Sites/1/Product/9499/4911330_1.jpg', N'NTDTT', N'<h5>💌 THÔNG TIN SẢN PHẨM</h5><h5><br>Thương hiệu: JYSK</h5><h5>Chất liệu: Polyester, kim loại</h5><h5>Màu sắc: đen, trắng</h5><h5>Xuất xứ: Trung Quốc</h5><div ccp_infra_version="3" ccp_infra_timestamp="1669274268319" ccp_infra_user_hash="370375358" ccp_infra_copy_id="" data-ccp-timestamp="1669274268319" style="color: rgb(0, 0, 0); font-size: medium;"></div><h5>Đèn bàn</h5><h5><br>💁🏻‍♀️ CHÚNG MÌNH CAM KẾT</h5><h5><br>🙌🏻 Sản phẩm đã kiểm tra kĩ càng, cẩn thận và tư vấn nhiệt tình trước khi gói hàng giao cho khách hàng</h5><h5><br>🙌🏻 Hoàn tiền nếu sản phẩm không giống với mô tả</h5><h5><br>🙌🏻 Chấp nhận đổi hàng khi sản phẩm không đúng với mô tả</h5><h5><br>🙌🏻 Giao hàng trên toàn quốc, nhận hàng trả tiền</h5><h5><br>🙌🏻 Đổi trả miễn phí trong vòng 24h</h5><h5><br>#bananmatdagrace #banan #banan4ghe #noithatphongan #noithat</h5>')
INSERT [dbo].[SanPham] ([MaSP], [TenSP], [NSX], [ThuongHieu], [Gia], [TongSL], [HinhAnh], [MaDM], [ChiTiet]) VALUES (52, N'Đèn bàn JACOB', N'Việt Nam', N'JYSK', 549000, 70, N'https://jysk.vn/Data/Sites/1/Product/9501/4911491_1.jpg', N'NTDTT', N'<h5>💌 THÔNG TIN SẢN PHẨM</h5><h5><br>Thương hiệu: JYSK</h5><h5>Chất liệu: Kim loại</h5><h5>Màu sắc: Đen</h5><h5>Xuất xứ: Trung Quốc</h5><div ccp_infra_version="3" ccp_infra_timestamp="1669274268319" ccp_infra_user_hash="370375358" ccp_infra_copy_id="" data-ccp-timestamp="1669274268319" style="color: rgb(0, 0, 0); font-size: medium;"></div><h5>Đèn bàn</h5><h5><br>💁🏻‍♀️ CHÚNG MÌNH CAM KẾT</h5><h5><br>🙌🏻 Sản phẩm đã kiểm tra kĩ càng, cẩn thận và tư vấn nhiệt tình trước khi gói hàng giao cho khách hàng</h5><h5><br>🙌🏻 Hoàn tiền nếu sản phẩm không giống với mô tả</h5><h5><br>🙌🏻 Chấp nhận đổi hàng khi sản phẩm không đúng với mô tả</h5><h5><br>🙌🏻 Giao hàng trên toàn quốc, nhận hàng trả tiền</h5><h5><br>🙌🏻 Đổi trả miễn phí trong vòng 24h</h5><h5><br>#bananmatdagrace #banan #banan4ghe #noithatphongan #noithat</h5>')
INSERT [dbo].[SanPham] ([MaSP], [TenSP], [NSX], [ThuongHieu], [Gia], [TongSL], [HinhAnh], [MaDM], [ChiTiet]) VALUES (53, N'Chậu cây TORALF', N'Việt Nam', N'JYSK', 224000, 80, N'https://jysk.vn/Data/Sites/1/Product/8582/4911110.jpg', N'NTDTT', N'<h5>💌 THÔNG TIN SẢN PHẨM</h5><h5><br>Thương hiệu: JYSK</h5><h5>Chất liệu: Kính</h5><p><span style="color: rgb(73, 73, 73); font-family: Roboto, sans-serif; font-size: 16px; text-align: justify;">Kích thước: Ø15xH12cm&nbsp;</span><br></p><h5>Màu sắc: Trắng</h5><h5>Xuất xứ: Trung Quốc</h5><div ccp_infra_version="3" ccp_infra_timestamp="1669274268319" ccp_infra_user_hash="370375358" ccp_infra_copy_id="" data-ccp-timestamp="1669274268319" style="color: rgb(0, 0, 0); font-size: medium;"></div><h5>Chậu cây</h5><h5><br>💁🏻‍♀️ CHÚNG MÌNH CAM KẾT</h5><h5><br>🙌🏻 Sản phẩm đã kiểm tra kĩ càng, cẩn thận và tư vấn nhiệt tình trước khi gói hàng giao cho khách hàng</h5><h5><br>🙌🏻 Hoàn tiền nếu sản phẩm không giống với mô tả</h5><h5><br>🙌🏻 Chấp nhận đổi hàng khi sản phẩm không đúng với mô tả</h5><h5><br>🙌🏻 Giao hàng trên toàn quốc, nhận hàng trả tiền</h5><h5><br>🙌🏻 Đổi trả miễn phí trong vòng 24h</h5><h5><br>#bananmatdagrace #banan #banan4ghe #noithatphongan #noithat</h5>')
INSERT [dbo].[SanPham] ([MaSP], [TenSP], [NSX], [ThuongHieu], [Gia], [TongSL], [HinhAnh], [MaDM], [ChiTiet]) VALUES (54, N'Lọ hoa ODIN gốm', N'Việt Nam', N'JYSK', 399000, 100, N'https://jysk.vn/Data/Sites/1/Product/8617/4991500.jpg', N'NTDTT', N'<h5>💌 THÔNG TIN SẢN PHẨM</h5><h5><br>Thương hiệu: JYSK</h5><h5>Chất liệu: Gốm</h5><p><span style="color: rgb(73, 73, 73); font-family: Roboto, sans-serif; font-size: 16px; text-align: justify;">Kích thước: Ø15xH20cm&nbsp;</span><br></p><h5>Màu sắc: Hồng</h5><h5>Xuất xứ: Trung Quốc</h5><div ccp_infra_version="3" ccp_infra_timestamp="1669274268319" ccp_infra_user_hash="370375358" ccp_infra_copy_id="" data-ccp-timestamp="1669274268319" style="color: rgb(0, 0, 0); font-size: medium;"></div><h5>Lọ hoa</h5><h5><br>💁🏻‍♀️ CHÚNG MÌNH CAM KẾT</h5><h5><br>🙌🏻 Sản phẩm đã kiểm tra kĩ càng, cẩn thận và tư vấn nhiệt tình trước khi gói hàng giao cho khách hàng</h5><h5><br>🙌🏻 Hoàn tiền nếu sản phẩm không giống với mô tả</h5><h5><br>🙌🏻 Chấp nhận đổi hàng khi sản phẩm không đúng với mô tả</h5><h5><br>🙌🏻 Giao hàng trên toàn quốc, nhận hàng trả tiền</h5><h5><br>🙌🏻 Đổi trả miễn phí trong vòng 24h</h5><h5><br>#bananmatdagrace #banan #banan4ghe #noithatphongan #noithat</h5>')
INSERT [dbo].[SanPham] ([MaSP], [TenSP], [NSX], [ThuongHieu], [Gia], [TongSL], [HinhAnh], [MaDM], [ChiTiet]) VALUES (55, N'Đèn trang trí F002', N'Việt Nam', N'Dreamhouse', 665000, 100, N'https://dreamhouse.com.vn/wp-content/uploads/2020/02/Den-trang-tri-DH6002-tile2.jpg?ver=83', N'NTDTT', N'<h5>💌 THÔNG TIN SẢN PHẨM</h5><h5><br>Thương hiệu: DreamHouse</h5><h5>Chất liệu: Thép sơn tĩnh điện</h5><h5>Màu sắc: đen, trắng, xanh</h5><h5>Xuất xứ: Việt Nam</h5><div ccp_infra_version="3" ccp_infra_timestamp="1669274268319" ccp_infra_user_hash="370375358" ccp_infra_copy_id="" data-ccp-timestamp="1669274268319" style="color: rgb(0, 0, 0); font-size: medium;"></div><h5>Đèn trang trí</h5><h5><br>💁🏻‍♀️ CHÚNG MÌNH CAM KẾT</h5><h5><br>🙌🏻 Sản phẩm đã kiểm tra kĩ càng, cẩn thận và tư vấn nhiệt tình trước khi gói hàng giao cho khách hàng</h5><h5><br>🙌🏻 Hoàn tiền nếu sản phẩm không giống với mô tả</h5><h5><br>🙌🏻 Chấp nhận đổi hàng khi sản phẩm không đúng với mô tả</h5><h5><br>🙌🏻 Giao hàng trên toàn quốc, nhận hàng trả tiền</h5><h5><br>🙌🏻 Đổi trả miễn phí trong vòng 24h</h5><h5><br>#bananmatdagrace #banan #banan4ghe #noithatphongan #noithat</h5>')
INSERT [dbo].[SanPham] ([MaSP], [TenSP], [NSX], [ThuongHieu], [Gia], [TongSL], [HinhAnh], [MaDM], [ChiTiet]) VALUES (56, N'Đèn tre đám mây', N'Việt Nam', N'MoHo', 290000, 120, N'https://product.hstatic.net/200000065946/product/z3351589896993_71679c46d12911bcd0c4688afcd986fb_3b6dd30d92564b9cba351e1b4b01abc0_1024x1024.jpg', N'NTDTT', N'<h5>💌 THÔNG TIN SẢN PHẨM</h5><h5><br>Thương hiệu: MoHo</h5><h5>Chất liệu: Tre</h5><h5>Màu sắc: nâu, màu tự nhiên</h5><h5>Kích thước: 62x43x23<br></h5><h5>Xuất xứ: Việt Nam</h5><div ccp_infra_version="3" ccp_infra_timestamp="1669274268319" ccp_infra_user_hash="370375358" ccp_infra_copy_id="" data-ccp-timestamp="1669274268319" style="color: rgb(0, 0, 0); font-size: medium;"></div><h5>Đèn tre đám mây</h5><h5><br>💁🏻‍♀️ CHÚNG MÌNH CAM KẾT</h5><h5><br>🙌🏻 Sản phẩm đã kiểm tra kĩ càng, cẩn thận và tư vấn nhiệt tình trước khi gói hàng giao cho khách hàng</h5><h5><br>🙌🏻 Hoàn tiền nếu sản phẩm không giống với mô tả</h5><h5><br>🙌🏻 Chấp nhận đổi hàng khi sản phẩm không đúng với mô tả</h5><h5><br>🙌🏻 Giao hàng trên toàn quốc, nhận hàng trả tiền</h5><h5><br>🙌🏻 Đổi trả miễn phí trong vòng 24h</h5><h5><br>#bananmatdagrace #banan #banan4ghe #noithatphongan #noithat</h5>')
INSERT [dbo].[SanPham] ([MaSP], [TenSP], [NSX], [ThuongHieu], [Gia], [TongSL], [HinhAnh], [MaDM], [ChiTiet]) VALUES (57, N'Đèn đứng Jara', N'Việt Nam', N'MoHo', 1299000, 90, N'https://product.hstatic.net/200000065946/product/298-optimized_3c65d1f6c7334a07a133870bb52e0fed_grande.jpg', N'NTDTT', N'<h5>💌 THÔNG TIN SẢN PHẨM</h5><h5><br>Thương hiệu: MoHo</h5><h5>Chất liệu:&nbsp;<br><div style="margin: 0px; padding: 0px; font-family: Montserrat, sans-serif; color: rgb(67, 67, 67);"><span style="margin: 0px; padding: 0px; font-size: 10pt;">- Chân đèn: hợp kim thép cứng cáp, sơn tĩnh điện trắng tân tiến bền bỉ</span></div><div id="14ca9_7o9at" style="margin: 0px; padding: 0px; font-family: Montserrat, sans-serif; color: rgb(67, 67, 67);"><span id="14ca9_7o9at_2hvcq" class="" data-text="true" style="margin: 0px; padding: 0px; font-size: 10pt;">- Lồng đèn: khung thép bọc lụa, vải cao cấp</span></div></h5><h5>Màu sắc: trắng</h5><h5>Kích thước: Rộng chân&nbsp;<span id="14ca9_elesi_2v8r7" class="" data-text="true" style="margin: 0px; padding: 0px; font-family: Montserrat, sans-serif; color: rgb(67, 67, 67); font-size: 13.3333px; text-align: justify;">40cm x Cao 150cm&nbsp;</span></h5><h5>Xuất xứ: Việt Nam</h5><div ccp_infra_version="3" ccp_infra_timestamp="1669274268319" ccp_infra_user_hash="370375358" ccp_infra_copy_id="" data-ccp-timestamp="1669274268319" style="color: rgb(0, 0, 0); font-size: medium;"></div><h5>Đèn đứng Jara</h5><h5><br>💁🏻‍♀️ CHÚNG MÌNH CAM KẾT</h5><h5><br>🙌🏻 Sản phẩm đã kiểm tra kĩ càng, cẩn thận và tư vấn nhiệt tình trước khi gói hàng giao cho khách hàng</h5><h5><br>🙌🏻 Hoàn tiền nếu sản phẩm không giống với mô tả</h5><h5><br>🙌🏻 Chấp nhận đổi hàng khi sản phẩm không đúng với mô tả</h5><h5><br>🙌🏻 Giao hàng trên toàn quốc, nhận hàng trả tiền</h5><h5><br>🙌🏻 Đổi trả miễn phí trong vòng 24h</h5><h5><br>#bananmatdagrace #banan #banan4ghe #noithatphongan #noithat</h5>')
INSERT [dbo].[SanPham] ([MaSP], [TenSP], [NSX], [ThuongHieu], [Gia], [TongSL], [HinhAnh], [MaDM], [ChiTiet]) VALUES (58, N'Đèn thả NORDLUX TEES', N'Việt Nam', N'JYSK', 1990000, 90, N'https://jysk.vn/Data/Sites/1/Product/7817/84863003.jpg', N'NTDTT', N'<h5>💌 THÔNG TIN SẢN PHẨM</h5><h5><br>Thương hiệu: JYSK</h5><h5>Chất liệu: Kim loại</h5><h5>Màu sắc: Đen</h5><h5>Xuất xứ: Trung Quốc</h5><div ccp_infra_version="3" ccp_infra_timestamp="1669274268319" ccp_infra_user_hash="370375358" ccp_infra_copy_id="" data-ccp-timestamp="1669274268319" style="color: rgb(0, 0, 0); font-size: medium;"></div><h5>Đèn thả</h5><h5><br>💁🏻‍♀️ CHÚNG MÌNH CAM KẾT</h5><h5><br>🙌🏻 Sản phẩm đã kiểm tra kĩ càng, cẩn thận và tư vấn nhiệt tình trước khi gói hàng giao cho khách hàng</h5><h5><br>🙌🏻 Hoàn tiền nếu sản phẩm không giống với mô tả</h5><h5><br>🙌🏻 Chấp nhận đổi hàng khi sản phẩm không đúng với mô tả</h5><h5><br>🙌🏻 Giao hàng trên toàn quốc, nhận hàng trả tiền</h5><h5><br>🙌🏻 Đổi trả miễn phí trong vòng 24h</h5><h5><br>#bananmatdagrace #banan #banan4ghe #noithatphongan #noithat</h5>')
INSERT [dbo].[SanPham] ([MaSP], [TenSP], [NSX], [ThuongHieu], [Gia], [TongSL], [HinhAnh], [MaDM], [ChiTiet]) VALUES (59, N'Đèn thả ngoài trời NORDLUX KETTLE', N'Việt Nam', N'JYSK', 4490000, 100, N'https://jysk.vn/Data/Sites/1/Product/7681/2018013003.jpg', N'NTDTT', N'<h5>💌 THÔNG TIN SẢN PHẨM</h5><h5><br>Thương hiệu: JYSK</h5><h5>Chất liệu: Plastic</h5><h5>Màu sắc: Trắng</h5><h5>Xuất xứ: Trung Quốc</h5><div ccp_infra_version="3" ccp_infra_timestamp="1669274268319" ccp_infra_user_hash="370375358" ccp_infra_copy_id="" data-ccp-timestamp="1669274268319" style="color: rgb(0, 0, 0); font-size: medium;"></div><h5>Đèn thả ngoài trời</h5><h5><br>💁🏻‍♀️ CHÚNG MÌNH CAM KẾT</h5><h5><br>🙌🏻 Sản phẩm đã kiểm tra kĩ càng, cẩn thận và tư vấn nhiệt tình trước khi gói hàng giao cho khách hàng</h5><h5><br>🙌🏻 Hoàn tiền nếu sản phẩm không giống với mô tả</h5><h5><br>🙌🏻 Chấp nhận đổi hàng khi sản phẩm không đúng với mô tả</h5><h5><br>🙌🏻 Giao hàng trên toàn quốc, nhận hàng trả tiền</h5><h5><br>🙌🏻 Đổi trả miễn phí trong vòng 24h</h5><h5><br>#bananmatdagrace #banan #banan4ghe #noithatphongan #noithat</h5>')
INSERT [dbo].[SanPham] ([MaSP], [TenSP], [NSX], [ThuongHieu], [Gia], [TongSL], [HinhAnh], [MaDM], [ChiTiet]) VALUES (60, N'Chân đèn ngoài trời NORDLUX KETTLE TRIPOD', N'Việt Nam', N'JYSK', 990000, 100, N'https://jysk.vn/Data/Sites/1/Product/7685/2018044003.jpg', N'NTDTT', N'<h5>💌 THÔNG TIN SẢN PHẨM</h5><h5><br>Thương hiệu: JYSK</h5><h5>Chất liệu: Gỗ tự nhiên</h5><h5>Màu sắc: màu tự nhiên</h5><p>Kích thước:&nbsp;<span style="color: rgb(27, 27, 27); font-family: Roboto, sans-serif; font-size: 1.563rem;">D16xR18xC34cm</span></p><h5>Xuất xứ: Trung Quốc</h5><div ccp_infra_version="3" ccp_infra_timestamp="1669274268319" ccp_infra_user_hash="370375358" ccp_infra_copy_id="" data-ccp-timestamp="1669274268319" style="color: rgb(0, 0, 0); font-size: medium;"></div><h5>Chân đèn ngoài trời</h5><h5><br>💁🏻‍♀️ CHÚNG MÌNH CAM KẾT</h5><h5><br>🙌🏻 Sản phẩm đã kiểm tra kĩ càng, cẩn thận và tư vấn nhiệt tình trước khi gói hàng giao cho khách hàng</h5><h5><br>🙌🏻 Hoàn tiền nếu sản phẩm không giống với mô tả</h5><h5><br>🙌🏻 Chấp nhận đổi hàng khi sản phẩm không đúng với mô tả</h5><h5><br>🙌🏻 Giao hàng trên toàn quốc, nhận hàng trả tiền</h5><h5><br>🙌🏻 Đổi trả miễn phí trong vòng 24h</h5><h5><br>#bananmatdagrace #banan #banan4ghe #noithatphongan #noithat</h5>')
INSERT [dbo].[SanPham] ([MaSP], [TenSP], [NSX], [ThuongHieu], [Gia], [TongSL], [HinhAnh], [MaDM], [ChiTiet]) VALUES (67, N'Bàn Xoay Thông Minh', N'Thái Lan', N'Dreamhouses', 1000000, 50, N'https://encrypted-tbn0.gstatic.com/images?q=tbn:ANd9GcRggcujbuOWBzqySN04EzsCNTsqeX1vn6WXqw&usqp=CAU', N'ĐNT', N'Bàn xoay thông minh tích hợp cảm ứng điện tử cho trẻ em')
INSERT [dbo].[SanPham] ([MaSP], [TenSP], [NSX], [ThuongHieu], [Gia], [TongSL], [HinhAnh], [MaDM], [ChiTiet]) VALUES (68, N'Sofa lông cừu cao cấp', N'Thái Lan', N'Mehome', 1000000, 30, N'https://encrypted-tbn0.gstatic.com/images?q=tbn:ANd9GcSzKFi5RLAEBd8qRuKKmr5XTBtRekixcX2lJZwdoU0RbeSsGnLbfaOEvByrKQDl9QxlxUI&usqp=CAU', N'ĐNT', N'Sofa cao cấp được dệt từ vải sợi lông cừu tự nhiên')
INSERT [dbo].[SanPham] ([MaSP], [TenSP], [NSX], [ThuongHieu], [Gia], [TongSL], [HinhAnh], [MaDM], [ChiTiet]) VALUES (69, N'Bàn Xoay Thông Minh cao cấp', N'Singapore', N'Dreamhouses', 5000000, 23, N'https://encrypted-tbn0.gstatic.com/images?q=tbn:ANd9GcRApUz5NsBiBksIkFmD1NkaZ6qSGffZUVRGXQ&usqp=CAU', N'ntpk', NULL)
INSERT [dbo].[SanPham] ([MaSP], [TenSP], [NSX], [ThuongHieu], [Gia], [TongSL], [HinhAnh], [MaDM], [ChiTiet]) VALUES (70, N'Bàn Xoay Thông Minh', N'Thái Lan', N'Dreamhouses', 1230000, 34, N'https://encrypted-tbn0.gstatic.com/images?q=tbn:ANd9GcRggcujbuOWBzqySN04EzsCNTsqeX1vn6WXqw&usqp=CAU', N'ĐNT', NULL)
SET IDENTITY_INSERT [dbo].[SanPham] OFF
GO
SET IDENTITY_INSERT [dbo].[Users] ON 

INSERT [dbo].[Users] ([MaUser], [HoTen], [Email], [Password], [SDT], [DiaChi], [ThanhPho], [NgayTao], [Quyen], [GioiTinh]) VALUES (1, N'Trần Thanh Hiếu', N'tthieu@gmail.com', N'nv001login', N'0946910406', N'Dĩ An', N'Bình Dương', CAST(N'2022-11-16T00:00:00.000' AS DateTime), 1, N'Nam       ')
INSERT [dbo].[Users] ([MaUser], [HoTen], [Email], [Password], [SDT], [DiaChi], [ThanhPho], [NgayTao], [Quyen], [GioiTinh]) VALUES (2, N'Nguyễn Hữu Hiệu', N'nhhieu@gmail.com', N'nv002login', N'0912847213', N'Quận 3', N'Hồ Chí Minh', CAST(N'2022-11-16T00:00:00.000' AS DateTime), 1, N'Nam       ')
INSERT [dbo].[Users] ([MaUser], [HoTen], [Email], [Password], [SDT], [DiaChi], [ThanhPho], [NgayTao], [Quyen], [GioiTinh]) VALUES (3, N'Trần Ngọc Mỹ Phương', N'tnmphuong@gmail.com', N'nv003login', N'0164829841', N'Quận 8', N'Hồ Chí Minh', CAST(N'2022-11-16T00:00:00.000' AS DateTime), 1, N'Nữ        ')
INSERT [dbo].[Users] ([MaUser], [HoTen], [Email], [Password], [SDT], [DiaChi], [ThanhPho], [NgayTao], [Quyen], [GioiTinh]) VALUES (4, N'Đoàn Tú Quỳnh', N'dtquynh@gmail.com', N'nv004login', N'0935817391', N'Dĩ An', N'Bình Dương', CAST(N'2022-11-16T00:00:00.000' AS DateTime), 1, N'Nữ        ')
INSERT [dbo].[Users] ([MaUser], [HoTen], [Email], [Password], [SDT], [DiaChi], [ThanhPho], [NgayTao], [Quyen], [GioiTinh]) VALUES (5, N'Đinh Thị Ánh Nguyệt', N'dtanguyet@gmail.com', N'nv005login', N'0948192385', N'Dĩ An', N'Bình Dương', CAST(N'2022-11-16T00:00:00.000' AS DateTime), 1, N'Nữ        ')
INSERT [dbo].[Users] ([MaUser], [HoTen], [Email], [Password], [SDT], [DiaChi], [ThanhPho], [NgayTao], [Quyen], [GioiTinh]) VALUES (6, N'DƯƠNG THỊ THU NGA', N'nga.duongtthu@gmail.com', N'1', N'0907009598', N'B16 Song hành An phú – An Khánh Q.02 ', N'TP HCM', CAST(N'2022-11-16T00:00:00.000' AS DateTime), 2, N'Nữ        ')
INSERT [dbo].[Users] ([MaUser], [HoTen], [Email], [Password], [SDT], [DiaChi], [ThanhPho], [NgayTao], [Quyen], [GioiTinh]) VALUES (7, N'NGÔ XUÂN BÌNH', N'ngoxuanbinh54@gmail.com', N'1', N'0907744277', N'408 A2 C.c An Phú', N'TP HCM', CAST(N'2022-11-16T00:00:00.000' AS DateTime), 2, N'Nam       ')
INSERT [dbo].[Users] ([MaUser], [HoTen], [Email], [Password], [SDT], [DiaChi], [ThanhPho], [NgayTao], [Quyen], [GioiTinh]) VALUES (8, N'NGUYỄN THỊ PHƯƠNG', N'phuong@ptcrance.com.vn', N'1', N'0903966608', N'503 Cao ốc  An Phú P.An Phú Q.2 ', N'TP HCM', CAST(N'2022-11-16T00:00:00.000' AS DateTime), 2, N'Nữ        ')
INSERT [dbo].[Users] ([MaUser], [HoTen], [Email], [Password], [SDT], [DiaChi], [ThanhPho], [NgayTao], [Quyen], [GioiTinh]) VALUES (9, N'PHẠM NGỌC LONG', N'Phamngoclong@gmail.com', N'1', N'0908885667', N'12 đường 8 (cũ 7Đ1), p.An Phú Q.02', N'TP HCM', CAST(N'2022-11-16T00:00:00.000' AS DateTime), 2, N'Nam       ')
INSERT [dbo].[Users] ([MaUser], [HoTen], [Email], [Password], [SDT], [DiaChi], [ThanhPho], [NgayTao], [Quyen], [GioiTinh]) VALUES (10, N'NGUYỄN MẠNH HÀ', N'hathanh712000@gmail.com', N'1', N'0918278050', N'84 Đường 1 khu B , An Phú Q.02', N'TP HCM', CAST(N'2022-11-16T00:00:00.000' AS DateTime), 2, N'Nam       ')
INSERT [dbo].[Users] ([MaUser], [HoTen], [Email], [Password], [SDT], [DiaChi], [ThanhPho], [NgayTao], [Quyen], [GioiTinh]) VALUES (11, N'TRẦN HÀ LINH', N'halinhcnn@gmail.com', N'1', N'0906815176', N'128 đường 17B p. An Phú Q.02', N'TP HCM', CAST(N'2022-11-16T00:00:00.000' AS DateTime), 2, N'Nữ        ')
INSERT [dbo].[Users] ([MaUser], [HoTen], [Email], [Password], [SDT], [DiaChi], [ThanhPho], [NgayTao], [Quyen], [GioiTinh]) VALUES (12, N'TRẦN NGỌC DƯƠNG', N'duongqlkt12@gmail.com.vn', N'1', N'0779399939', N'307 cao ốc an khánh song hành tổ 42, An Phú Q.02', N'TP HCM', CAST(N'2022-11-16T00:00:00.000' AS DateTime), 2, N'Nam       ')
INSERT [dbo].[Users] ([MaUser], [HoTen], [Email], [Password], [SDT], [DiaChi], [ThanhPho], [NgayTao], [Quyen], [GioiTinh]) VALUES (13, N'NGUYỄN VĂN ANH', N'hienvistar.hp@gmail.com', N'1', N'0912126132', N'1080 đường 10B p. An Phú Q.02', N'TP HCM', CAST(N'2022-11-16T00:00:00.000' AS DateTime), 2, N'Nam       ')
INSERT [dbo].[Users] ([MaUser], [HoTen], [Email], [Password], [SDT], [DiaChi], [ThanhPho], [NgayTao], [Quyen], [GioiTinh]) VALUES (14, N'CAO DUY KHÁNH', N'sonchanvu@gmail.com', N'1', N'0903926758', N'Long Trị, Long Mỹ', N'Hậu Giang', CAST(N'2022-11-16T00:00:00.000' AS DateTime), 2, N'Nam       ')
INSERT [dbo].[Users] ([MaUser], [HoTen], [Email], [Password], [SDT], [DiaChi], [ThanhPho], [NgayTao], [Quyen], [GioiTinh]) VALUES (15, N'BÙI THỊ HỒNG LOAN', N'tamnguyenminh16459@gmail.com', N'1', N'0904446766', N'300/43 Nguyễn Văn Linh, Phường Bình Thuận, Quận 7', N'TP HCM', CAST(N'2022-11-16T00:00:00.000' AS DateTime), 2, N'Nữ        ')
INSERT [dbo].[Users] ([MaUser], [HoTen], [Email], [Password], [SDT], [DiaChi], [ThanhPho], [NgayTao], [Quyen], [GioiTinh]) VALUES (16, N'NGUYỄN THỊ MINH TÂM', N'vietvuvn@gmail.com', N'1', N'0903514979', N'33/5, Trần Bình Trọng, P1, Q5', N'TP HCM', CAST(N'2022-11-16T00:00:00.000' AS DateTime), 2, N'Nữ        ')
INSERT [dbo].[Users] ([MaUser], [HoTen], [Email], [Password], [SDT], [DiaChi], [ThanhPho], [NgayTao], [Quyen], [GioiTinh]) VALUES (17, N'NGUYỄN VŨ VIỆT', N'bhthanh1974@gmail.com', N'1', N'0903437799', N'2/41 Cao Thắng P5, Q3', N'TP HCM', CAST(N'2022-11-17T00:00:00.000' AS DateTime), 2, N'Nam       ')
INSERT [dbo].[Users] ([MaUser], [HoTen], [Email], [Password], [SDT], [DiaChi], [ThanhPho], [NgayTao], [Quyen], [GioiTinh]) VALUES (18, N'BÙI HOÀI THANH', N'hoangconghung80@gmail.com', N'1', N'0909656162', N'276 Phan Văn Trị, Q.Bình Thạnh', N'TP HCM', CAST(N'2022-11-18T00:00:00.000' AS DateTime), 2, N'Nữ        ')
INSERT [dbo].[Users] ([MaUser], [HoTen], [Email], [Password], [SDT], [DiaChi], [ThanhPho], [NgayTao], [Quyen], [GioiTinh]) VALUES (19, N'ĐỖ MAI HƯƠNG', N'vuenglishclass@gmail.com', N'1', N'0913606207', N'57/65 Trần Bình Trọng, P1, Q5', N'TP HCM', CAST(N'2022-11-19T00:00:00.000' AS DateTime), 2, N'Nữ        ')
INSERT [dbo].[Users] ([MaUser], [HoTen], [Email], [Password], [SDT], [DiaChi], [ThanhPho], [NgayTao], [Quyen], [GioiTinh]) VALUES (20, N'HỒ LÊ VŨ', N'nhaihn@gmail.com', N'1', N'0938888456', N'31 Trần Chánh Chiếu, P14, Q5', N'TP HCM', CAST(N'2022-11-20T00:00:00.000' AS DateTime), 2, N'Nam       ')
INSERT [dbo].[Users] ([MaUser], [HoTen], [Email], [Password], [SDT], [DiaChi], [ThanhPho], [NgayTao], [Quyen], [GioiTinh]) VALUES (21, N'TRẦN THỊ THU HIỀN', N'ngocdinhong@gmail.com', N'1', N'0908899623', N'1A73 Ấp 1 Phạm Văn Hai, H Bình Chánh', N'TP HCM', CAST(N'2022-11-21T00:00:00.000' AS DateTime), 2, N'Nữ        ')
INSERT [dbo].[Users] ([MaUser], [HoTen], [Email], [Password], [SDT], [DiaChi], [ThanhPho], [NgayTao], [Quyen], [GioiTinh]) VALUES (22, N'ĐINH HỒNG NGỌC', N'phuongyen72thonhuom@gmail.com.vn', N'1', N'0908333316', N'246/28 Phan Huy Ích, P12, Q Gò Vấp', N'TP HCM', CAST(N'2022-11-22T00:00:00.000' AS DateTime), 2, N'Nữ        ')
INSERT [dbo].[Users] ([MaUser], [HoTen], [Email], [Password], [SDT], [DiaChi], [ThanhPho], [NgayTao], [Quyen], [GioiTinh]) VALUES (23, N'NGUYỄN THỊ NGỌC YẾN', N'thuynt@gmail.com', N'1', N'0834655457', N'B16 Sonh Hành An Phú Q2', N'TP HCM', CAST(N'2022-11-23T00:00:00.000' AS DateTime), 2, N'Nữ        ')
INSERT [dbo].[Users] ([MaUser], [HoTen], [Email], [Password], [SDT], [DiaChi], [ThanhPho], [NgayTao], [Quyen], [GioiTinh]) VALUES (24, N'NGUYỄN THU TRANG', N'trinhleha4@gmail.com', N'1', N'0938260978', N'Số 4 TT6A khu đô thị Tây Nam Linh Đàm, quận Hoàng Mai ', N'Hà Nội', CAST(N'2022-11-24T00:00:00.000' AS DateTime), 2, N'Nữ        ')
INSERT [dbo].[Users] ([MaUser], [HoTen], [Email], [Password], [SDT], [DiaChi], [ThanhPho], [NgayTao], [Quyen], [GioiTinh]) VALUES (25, N'NGUYỄN THỊ THU THỦY', N'khucthinga@gmail.com', N'1', N'0903980160', N'14A Trưng Trắc, phường Nguyễn Trãi, quận Hà Đông, thành phố Hà Nội', N'Hà Nội', CAST(N'2022-11-25T00:00:00.000' AS DateTime), 2, N'Nữ        ')
INSERT [dbo].[Users] ([MaUser], [HoTen], [Email], [Password], [SDT], [DiaChi], [ThanhPho], [NgayTao], [Quyen], [GioiTinh]) VALUES (26, N'TRỊNH LÊ HÀ', N'ngalt@sonchinh.com', N'1', N'0908065777', N'NV1-56 Khu Tổng cục V Bộ Công an, xã Tân Triều, huyện Thanh Trì ', N'Hà Nội', CAST(N'2022-11-26T00:00:00.000' AS DateTime), 2, N'Nữ        ')
INSERT [dbo].[Users] ([MaUser], [HoTen], [Email], [Password], [SDT], [DiaChi], [ThanhPho], [NgayTao], [Quyen], [GioiTinh]) VALUES (27, N'KHÚC THỊ NGA', N'thang@gmail.com', N'1', N'0944178579', N'NV1-56 Khu Tổng cục V Bộ Công an, xã Tân Triều, huyện Thanh Trì ', N'Hà Nội', CAST(N'2022-11-27T00:00:00.000' AS DateTime), 2, N'Nữ        ')
INSERT [dbo].[Users] ([MaUser], [HoTen], [Email], [Password], [SDT], [DiaChi], [ThanhPho], [NgayTao], [Quyen], [GioiTinh]) VALUES (28, N'LÊ THÚY NGA', N'vntqlx@gmail.com', N'1', N'0327566820', N'BT 02 – Lô 01, dự án nhà ở Nam Thắng, tổ dân phố 02, phường Trung Văn, quận Nam Từ Liêm ', N'Hà Nội', CAST(N'2022-11-28T00:00:00.000' AS DateTime), 2, N'Nữ        ')
INSERT [dbo].[Users] ([MaUser], [HoTen], [Email], [Password], [SDT], [DiaChi], [ThanhPho], [NgayTao], [Quyen], [GioiTinh]) VALUES (29, N'NGUYỄN ĐẠI THẮNG', N'nmhaof@gmail.com', N'1', N'0908346347', N'BT 02 – Lô 01, dự án nhà ở Nam Thắng, tổ dân phố 02, phường Trung Văn, quận Nam Từ Liêm ', N'Hà Nội', CAST(N'2022-11-29T00:00:00.000' AS DateTime), 2, N'Nam       ')
INSERT [dbo].[Users] ([MaUser], [HoTen], [Email], [Password], [SDT], [DiaChi], [ThanhPho], [NgayTao], [Quyen], [GioiTinh]) VALUES (30, N'PHẠM THÁI LĂNG', N'ml05011983@gmail.com.vn', N'1', N'0908155512', N'Số nhà 307, phố Lê Quý Đôn, tổ 2, phường Bồ Xuyên', N'Thái Bình', CAST(N'2022-11-30T00:00:00.000' AS DateTime), 2, N'Nam       ')
INSERT [dbo].[Users] ([MaUser], [HoTen], [Email], [Password], [SDT], [DiaChi], [ThanhPho], [NgayTao], [Quyen], [GioiTinh]) VALUES (31, N'NGUYỄN MẠNH HÀO', N'h.anh@antech.com.vn', N'1', N'0942710025', N'P315-D5 khu TT 781, phường Khương Trung, quận Thanh Xuân ', N'Hà Nội', CAST(N'2022-12-01T00:00:00.000' AS DateTime), 2, N'Nam       ')
INSERT [dbo].[Users] ([MaUser], [HoTen], [Email], [Password], [SDT], [DiaChi], [ThanhPho], [NgayTao], [Quyen], [GioiTinh]) VALUES (32, N'TRƯƠNG VĂN PHƯỢNG', N'tuyetlan2006@gmail.com', N'1', N'0918262707', N'Ủy ban Quốc phòng và An ninh của Quốc hội, số 22 Hùng Vương, Ba Đình', N'Hà Nội', CAST(N'2022-12-02T00:00:00.000' AS DateTime), 2, N'Nam       ')
INSERT [dbo].[Users] ([MaUser], [HoTen], [Email], [Password], [SDT], [DiaChi], [ThanhPho], [NgayTao], [Quyen], [GioiTinh]) VALUES (33, N'NGUYỄN THỊ HOÀNG ANH', N'cuongf.ho@gmail.com', N'1', N'0988734433', N'Số 26-BT7 Đô thị Văn Quán, phường Văn Quán, quận Hà Đông ', N'Hà Nội', CAST(N'2022-12-03T00:00:00.000' AS DateTime), 2, N'Nữ        ')
INSERT [dbo].[Users] ([MaUser], [HoTen], [Email], [Password], [SDT], [DiaChi], [ThanhPho], [NgayTao], [Quyen], [GioiTinh]) VALUES (34, N'NGUYỄN THỊ TUYẾT LAN', N'van.idcvietnam@gmail.com', N'1', N'0937376868', N'P508-CT1B Đô thị Văn Quán - Yên Phúc, phường Phúc La, quận Hà Đông', N'Hà Nội', CAST(N'2022-12-04T00:00:00.000' AS DateTime), 2, N'Nữ        ')
INSERT [dbo].[Users] ([MaUser], [HoTen], [Email], [Password], [SDT], [DiaChi], [ThanhPho], [NgayTao], [Quyen], [GioiTinh]) VALUES (35, N'NGUYỄN MẠNH CƯỜNG', N'hungescape@gmail.com', N'1', N'0919045674', N'Công ty cổ phần Đầu tư đo thị và khu công nghiệp Sông Đà 7', N'Hà Nội', CAST(N'2022-12-05T00:00:00.000' AS DateTime), 2, N'Nam       ')
INSERT [dbo].[Users] ([MaUser], [HoTen], [Email], [Password], [SDT], [DiaChi], [ThanhPho], [NgayTao], [Quyen], [GioiTinh]) VALUES (36, N'NGUYỄN HỒNG VÂN', N'ngan.knvtraveltravelagent@gmail.com', N'1', N'0938186858', N'Tổ 23, phường Hữu Nghị, thành phố Hòa Bình', N'Hà Nội', CAST(N'2022-12-06T00:00:00.000' AS DateTime), 2, N'Nữ        ')
INSERT [dbo].[Users] ([MaUser], [HoTen], [Email], [Password], [SDT], [DiaChi], [ThanhPho], [NgayTao], [Quyen], [GioiTinh]) VALUES (37, N'BÙI THỊ THANH VÂN', N'sonda8285@gmail.com', N'1', N'0939248357', N'Trương Thị Huế, Phòng GDKHDN BIDV Thanh Xuân, tầng 6 – Hapulico Complex, số 1 Nguyễn Huy Tưởng, Thanh Xuân Trung, Thanh Xuân ', N'Hà Nội', CAST(N'2022-12-07T00:00:00.000' AS DateTime), 2, N'Nữ        ')
INSERT [dbo].[Users] ([MaUser], [HoTen], [Email], [Password], [SDT], [DiaChi], [ThanhPho], [NgayTao], [Quyen], [GioiTinh]) VALUES (38, N'ĐẶNG NGỌC HÙNG', N'nguyenthiha534@gmail.com', N'1', N'0839400056', N'384/47 Lý Thái Tổ, phường 10, quận 10, thành phố Hồ Chí Minh', N'TP HCM', CAST(N'2022-12-08T00:00:00.000' AS DateTime), 2, N'Nam       ')
INSERT [dbo].[Users] ([MaUser], [HoTen], [Email], [Password], [SDT], [DiaChi], [ThanhPho], [NgayTao], [Quyen], [GioiTinh]) VALUES (39, N'TRẦN THỊ KIM NGÂN', N'songbinh@gmail.com', N'1', N'0938450288', N'384/47 Lý Thái Tổ, phường 10, quận 10, thành phố Hồ Chí Minh', N'TP HCM', CAST(N'2022-12-09T00:00:00.000' AS DateTime), 2, N'Nữ        ')
INSERT [dbo].[Users] ([MaUser], [HoTen], [Email], [Password], [SDT], [DiaChi], [ThanhPho], [NgayTao], [Quyen], [GioiTinh]) VALUES (40, N'NGUYỄN THỊ THÚY HẠNH', N'thinhvtuan@gmail.com', N'1', N'0933462688', N'Số 40, ngõ 142 Nguyễn Ngọc Nại, phường Khương Mai, quận Thanh Xuân ', N'Hà Nội', CAST(N'2022-12-10T00:00:00.000' AS DateTime), 2, N'Nữ        ')
INSERT [dbo].[Users] ([MaUser], [HoTen], [Email], [Password], [SDT], [DiaChi], [ThanhPho], [NgayTao], [Quyen], [GioiTinh]) VALUES (41, N'NGUYỄN THỊ HÀ', N'phunghoanganh61@gmail.com', N'1', N'0908502988', N'Nhà số 9, ngách 90/19 đường Khuất Duy Tiến, phường Nhân Chính, quận Thanh Xuân ', N'Hà Nội', CAST(N'2022-12-11T00:00:00.000' AS DateTime), 2, N'Nữ        ')
INSERT [dbo].[Users] ([MaUser], [HoTen], [Email], [Password], [SDT], [DiaChi], [ThanhPho], [NgayTao], [Quyen], [GioiTinh]) VALUES (42, N'NGUYỄN SONG BÌNH', N'cuonga_z@gmail.com', N'1', N'0902006282', N'30 LK9 khu đô thị Xa La, phường Phúc La, quận Hà Đông ', N'Hà Nội', CAST(N'2022-12-12T00:00:00.000' AS DateTime), 2, N'Nữ        ')
INSERT [dbo].[Users] ([MaUser], [HoTen], [Email], [Password], [SDT], [DiaChi], [ThanhPho], [NgayTao], [Quyen], [GioiTinh]) VALUES (43, N'THỊNH VĂN TUÂN', N'trinhthuylinh2111@gmail.com', N'1', N'0789573648', N'Căn hộ 1705-CT3A khu đô thị mới Cổ Nhuế - TDP Hoàng 7, phường Cổ Nhuế 1, quận Bắc Từ Liêm ', N'Hà Nội', CAST(N'2022-12-13T00:00:00.000' AS DateTime), 2, N'Nam       ')
INSERT [dbo].[Users] ([MaUser], [HoTen], [Email], [Password], [SDT], [DiaChi], [ThanhPho], [NgayTao], [Quyen], [GioiTinh]) VALUES (44, N'PHÙNG HOÀNG ANH', N'hapt.evnt@gmail.com', N'1', N'0902897332', N'Số 157A Hồ Đắc Di, phường Quang Trung, quận Đống Đa', N'Hà Nội', CAST(N'2022-12-14T00:00:00.000' AS DateTime), 2, N'Nữ        ')
INSERT [dbo].[Users] ([MaUser], [HoTen], [Email], [Password], [SDT], [DiaChi], [ThanhPho], [NgayTao], [Quyen], [GioiTinh]) VALUES (45, N'NGUYỄN CƯỜNG', N'buibichvan@gmail.com', N'1', N'0918180840', N'Ngân hàng TMCP Quân đội - Số 3 Liễu Giai, quận Ba Đình', N'Hà Nội', CAST(N'2022-12-15T00:00:00.000' AS DateTime), 2, N'Nam       ')
INSERT [dbo].[Users] ([MaUser], [HoTen], [Email], [Password], [SDT], [DiaChi], [ThanhPho], [NgayTao], [Quyen], [GioiTinh]) VALUES (46, N'NGUYỄN ĐÌNH PHÚ', N'ktdtciri@gmail.com', N'1', N'0913901768', N'Nhà số 6, tổ 20, phường Tân Thịnh, thành phố Hòa Bình, tỉnh Hòa Bình', N'Hà Nội', CAST(N'2022-12-16T00:00:00.000' AS DateTime), 2, N'Nam       ')
INSERT [dbo].[Users] ([MaUser], [HoTen], [Email], [Password], [SDT], [DiaChi], [ThanhPho], [NgayTao], [Quyen], [GioiTinh]) VALUES (47, N'PHẠM THỊ THÚY HÀ', N'maininh59@gmail.com', N'1', N'0901367378', N'Số nhà 18, ngõ 83, đường Ngọc Hồi, phường Hoàng Liệt, quận Hoàng Mai ', N'Hà Nội', CAST(N'2022-12-17T00:00:00.000' AS DateTime), 2, N'Nữ        ')
INSERT [dbo].[Users] ([MaUser], [HoTen], [Email], [Password], [SDT], [DiaChi], [ThanhPho], [NgayTao], [Quyen], [GioiTinh]) VALUES (48, N'BÙI THỊ BÍCH VÂN', N'thanh.huong_nguyen@gmail.com', N'1', N'0902491904', N'P6 tầng 8, chung cư cao tầng Trung Yên I, phường Trung Hòa, quận Cầu Giấy ', N'Hà Nội', CAST(N'2022-12-18T00:00:00.000' AS DateTime), 2, N'Nữ        ')
INSERT [dbo].[Users] ([MaUser], [HoTen], [Email], [Password], [SDT], [DiaChi], [ThanhPho], [NgayTao], [Quyen], [GioiTinh]) VALUES (49, N'TRỊNH THỊ MAI HỒNG', N'bengoclong@gmail.com', N'1', N'0845782848', N'Số 32, BT6 Dãy A, Đô Thị Văn Quán, phường Văn Quán, quận Hà Đông', N'Hà Nội', CAST(N'2022-12-19T00:00:00.000' AS DateTime), 2, N'Nữ        ')
INSERT [dbo].[Users] ([MaUser], [HoTen], [Email], [Password], [SDT], [DiaChi], [ThanhPho], [NgayTao], [Quyen], [GioiTinh]) VALUES (50, N'NGUYỄN THỊ MAI NINH', N'Vutuongvi.0705@gmail.com', N'1', N'0909040749', N'Căn B0711 tầng 7 tòa B Tòa Sky City Tower, 88 Láng Hạ, quận Đống Đa ', N'Hà Nội', CAST(N'2022-12-20T00:00:00.000' AS DateTime), 2, N'Nữ        ')
INSERT [dbo].[Users] ([MaUser], [HoTen], [Email], [Password], [SDT], [DiaChi], [ThanhPho], [NgayTao], [Quyen], [GioiTinh]) VALUES (51, N'NGUYỄN THANH HƯƠNG', N'tranhdonghd@gmail.com', N'1', N'0912340619', N'Số 36, phố Kim Hoa, phường Phương Liên, quận Đống Đa ', N'Hà Nội', CAST(N'2022-12-21T00:00:00.000' AS DateTime), 2, N'Nữ        ')
INSERT [dbo].[Users] ([MaUser], [HoTen], [Email], [Password], [SDT], [DiaChi], [ThanhPho], [NgayTao], [Quyen], [GioiTinh]) VALUES (52, N'BẾ NGỌC LONG', N'dung@bross.vn.', N'1', N'0919016339', N'Lương Hồng Minh, R2B 1621 Royal City, 72 Nguyễn Trãi, Thanh Xuân', N'Hà Nội', CAST(N'2022-12-22T00:00:00.000' AS DateTime), 2, N'Nam       ')
INSERT [dbo].[Users] ([MaUser], [HoTen], [Email], [Password], [SDT], [DiaChi], [ThanhPho], [NgayTao], [Quyen], [GioiTinh]) VALUES (53, N'VŨ TƯỜNG VI', N'quachlananh1@gmail.com', N'1', N'0989552128', N'17 ngách 16/64 phố Hoàng Cầu, phường Ô Chợ Dừa, quận Đống Đa ', N'Hà Nội', CAST(N'2022-12-23T00:00:00.000' AS DateTime), 2, N'Nữ        ')
INSERT [dbo].[Users] ([MaUser], [HoTen], [Email], [Password], [SDT], [DiaChi], [ThanhPho], [NgayTao], [Quyen], [GioiTinh]) VALUES (54, N'PHẠM THỊ HẢI', N'phamhuyen1107@gmail.com', N'1', N'0918931191', N'Cục Quản Trị - Văn phòng Quốc Hội, 22 Hùng Vương, Ba Đình', N'Hà Nội', CAST(N'2022-12-24T00:00:00.000' AS DateTime), 2, N'Nữ        ')
INSERT [dbo].[Users] ([MaUser], [HoTen], [Email], [Password], [SDT], [DiaChi], [ThanhPho], [NgayTao], [Quyen], [GioiTinh]) VALUES (55, N'HOÀNG VĂN DŨNG', N'tienthanh@gmail.com', N'1', N'0773792966', N'Tổ 13, phường Mai Động, quận Hoàng Mai', N'Hà Nội', CAST(N'2022-12-25T00:00:00.000' AS DateTime), 2, N'Nam       ')
INSERT [dbo].[Users] ([MaUser], [HoTen], [Email], [Password], [SDT], [DiaChi], [ThanhPho], [NgayTao], [Quyen], [GioiTinh]) VALUES (57, N'Trần Thanh Hiếu', N'tthieu@gmail.com', N'nv001login', N'0946910406', N'Dĩ An', N'Bình Dương', CAST(N'2022-11-16T00:00:00.000' AS DateTime), 2, N'Nam       ')
INSERT [dbo].[Users] ([MaUser], [HoTen], [Email], [Password], [SDT], [DiaChi], [ThanhPho], [NgayTao], [Quyen], [GioiTinh]) VALUES (58, N'Trần Thanh Hiếu', N'tthieu@gmail.com', N'nv001login', N'0946910406', N'Dĩ An', N'Bình Dương', CAST(N'2022-11-16T00:00:00.000' AS DateTime), 2, N'Nam       ')
INSERT [dbo].[Users] ([MaUser], [HoTen], [Email], [Password], [SDT], [DiaChi], [ThanhPho], [NgayTao], [Quyen], [GioiTinh]) VALUES (59, N'Trần Thanh Hiếu', N'tthieu@gmail.com', N'nv001login', N'0946910406', N'Dĩ An', N'Bình Dương', CAST(N'2022-11-16T00:00:00.000' AS DateTime), 2, N'Nam       ')
INSERT [dbo].[Users] ([MaUser], [HoTen], [Email], [Password], [SDT], [DiaChi], [ThanhPho], [NgayTao], [Quyen], [GioiTinh]) VALUES (61, N'Nguyễn A', N'19520353@gm.uit.edu.vn', N'123', N'123456789', NULL, NULL, CAST(N'2022-12-05T17:03:12.883' AS DateTime), 0, N'Nam       ')
SET IDENTITY_INSERT [dbo].[Users] OFF
GO
USE [master]
GO
ALTER DATABASE [Furniture] SET  READ_WRITE 
GO
